시간,발전량
2025-01-01 00:00,1.2538316759813144
2025-01-01 01:00,1.0114389844921736
2025-01-01 02:00,0.31862224794262134
2025-01-01 03:00,1.85970043253747
2025-01-01 04:00,2.5796133488079267
2025-01-01 05:00,1.8644335364477584
2025-01-01 06:00,4.015382281833977
2025-01-01 07:00,4.512942586925475
2025-01-01 08:00,3.2535828096955415
2025-01-01 09:00,5.491219810511
2025-01-01 10:00,4.57557923966333
2025-01-01 11:00,4.052687800506568
2025-01-01 12:00,5.752111126867869
2025-01-01 13:00,4.229736776929788
2025-01-01 14:00,3.6645929585235795
2025-01-01 15:00,4.435005057682836
2025-01-01 16:00,4.826587039478919
2025-01-01 17:00,4.248744538728011
2025-01-01 18:00,4.42116143347082
2025-01-01 19:00,6.041091782475011
2025-01-01 20:00,7.342509480119944
2025-01-01 21:00,7.146505847643973
2025-01-01 22:00,5.217308007178506
2025-01-01 23:00,6.084660420765742
2025-01-02 00:00,1.2251284734501788
2025-01-02 01:00,2.7074085151644613
2025-01-02 02:00,3.774103630161852
2025-01-02 03:00,3.5273107795159806
2025-01-02 04:00,3.7918821841887276
2025-01-02 05:00,5.2268979302214715
2025-01-02 06:00,4.3315002076342815
2025-01-02 07:00,5.454075493504163
2025-01-02 08:00,4.714009031169648
2025-01-02 09:00,4.429069161905713
2025-01-02 10:00,3.140719369770922
2025-01-02 11:00,2.85597807319105
2025-01-02 12:00,7.389523369004015
2025-01-02 13:00,7.36273259762714
2025-01-02 14:00,9.073744880990787
2025-01-02 15:00,14.46263737986813
2025-01-02 16:00,16.029437464457992
2025-01-02 17:00,21.077899557821333
2025-01-02 18:00,16.90770534038706
2025-01-02 19:00,17.839679531063332
2025-01-02 20:00,21.147640546627827
2025-01-02 21:00,21.90915202291898
2025-01-02 22:00,20.323100888241115
2025-01-02 23:00,18.688816120548594
2025-01-03 00:00,19.201765023130896
2025-01-03 01:00,22.242043156623783
2025-01-03 02:00,24.469827056491738
2025-01-03 03:00,23.024605132293836
2025-01-03 04:00,24.503780327697438
2025-01-03 05:00,23.687338203733216
2025-01-03 06:00,22.62539815202951
2025-01-03 07:00,25.079202130265024
2025-01-03 08:00,22.31949212813509
2025-01-03 09:00,14.767553134951514
2025-01-03 10:00,11.572665938525983
2025-01-03 11:00,12.051899116974553
2025-01-03 12:00,14.136856717032988
2025-01-03 13:00,8.174422062080954
2025-01-03 14:00,6.335702568232662
2025-01-03 15:00,3.96898781969813
2025-01-03 16:00,3.2066018853653464
2025-01-03 17:00,9.823274142532153
2025-01-03 18:00,11.336187068006264
2025-01-03 19:00,16.316373078337868
2025-01-03 20:00,22.23985632792123
2025-01-03 21:00,16.08101159031353
2025-01-03 22:00,21.310237041487127
2025-01-03 23:00,20.28644511925946
2025-01-04 00:00,17.20361020261794
2025-01-04 01:00,11.495011636738631
2025-01-04 02:00,11.923469464510317
2025-01-04 03:00,8.17989262512951
2025-01-04 04:00,7.340688732174129
2025-01-04 05:00,2.63093818482393
2025-01-04 06:00,2.6535820429651333
2025-01-04 07:00,2.0701266067721495
2025-01-04 08:00,1.3214234593089689
2025-01-04 09:00,0.07565297707242859
2025-01-04 10:00,0.24229758892418507
2025-01-04 11:00,0.521347927844203
2025-01-04 12:00,1.0676430661642997
2025-01-04 13:00,0.9872311963892877
2025-01-04 14:00,0.9511861801778816
2025-01-04 15:00,1.4228266977949753
2025-01-04 16:00,1.8451098457005788
2025-01-04 17:00,0.9432016770390093
2025-01-04 18:00,0.4343701889880905
2025-01-04 19:00,2.091696324332005
2025-01-04 20:00,2.448806982290592
2025-01-04 21:00,2.458789512935092
2025-01-04 22:00,4.631807551212123
2025-01-04 23:00,6.054424403284873
2025-01-05 00:00,5.5922576101766825
2025-01-05 01:00,6.12328041635814
2025-01-05 02:00,9.36521097147775
2025-01-05 03:00,12.484076026494872
2025-01-05 04:00,16.226245316476614
2025-01-05 05:00,21.12088359848935
2025-01-05 06:00,22.564216572881946
2025-01-05 07:00,28.530204512190927
2025-01-05 08:00,34.3559404694403
2025-01-05 09:00,39.31205173280763
2025-01-05 10:00,36.41608329319921
2025-01-05 11:00,39.82781365159914
2025-01-05 12:00,36.70772957258892
2025-01-05 13:00,34.67778463769747
2025-01-05 14:00,34.01722413983553
2025-01-05 15:00,32.39968668349029
2025-01-05 16:00,29.442104004137875
2025-01-05 17:00,27.948629425263384
2025-01-05 18:00,20.995878583621412
2025-01-05 19:00,13.326030594643875
2025-01-05 20:00,10.518422829709381
2025-01-05 21:00,14.442079292561768
2025-01-05 22:00,15.33857221673238
2025-01-05 23:00,21.47723044399242
2025-01-06 00:00,30.451625383674823
2025-01-06 01:00,29.386846804610236
2025-01-06 02:00,32.54840187728398
2025-01-06 03:00,28.117530086231582
2025-01-06 04:00,23.279783158797265
2025-01-06 05:00,15.182686201636962
2025-01-06 06:00,13.852996342240266
2025-01-06 07:00,14.690749771834053
2025-01-06 08:00,27.014992408438864
2025-01-06 09:00,27.63647728789027
2025-01-06 10:00,34.48186971088735
2025-01-06 11:00,43.48988108032191
2025-01-06 12:00,47.76104551082626
2025-01-06 13:00,46.936231381519946
2025-01-06 14:00,48.581035838662956
2025-01-06 15:00,51.27016631267478
2025-01-06 16:00,55.68543104960865
2025-01-06 17:00,54.022973000145655
2025-01-06 18:00,55.13758435299651
2025-01-06 19:00,54.330623124812455
2025-01-06 20:00,55.55066119436961
2025-01-06 21:00,57.04886716999352
2025-01-06 22:00,57.432832743753075
2025-01-06 23:00,57.05904409601675
2025-01-07 00:00,53.93046402596599
2025-01-07 01:00,52.32456397311668
2025-01-07 02:00,48.966237899643176
2025-01-07 03:00,43.98773123446933
2025-01-07 04:00,40.71861366675236
2025-01-07 05:00,31.72972488636147
2025-01-07 06:00,24.748575732683058
2025-01-07 07:00,14.508462128511116
2025-01-07 08:00,11.83860516248459
2025-01-07 09:00,24.23137120461644
2025-01-07 10:00,23.216967012030395
2025-01-07 11:00,36.183310004391096
2025-01-07 12:00,43.578430587451514
2025-01-07 13:00,36.6165581420909
2025-01-07 14:00,43.04628371349597
2025-01-07 15:00,46.55337601085168
2025-01-07 16:00,50.557190193901974
2025-01-07 17:00,46.015369728536115
2025-01-07 18:00,44.9819260820629
2025-01-07 19:00,47.79085136789952
2025-01-07 20:00,47.50470221798694
2025-01-07 21:00,46.15618030138298
2025-01-07 22:00,49.878757800142466
2025-01-07 23:00,47.049410094375226
2025-01-08 00:00,42.894588923154146
2025-01-08 01:00,43.703727526571434
2025-01-08 02:00,29.51028771846618
2025-01-08 03:00,28.199716391337933
2025-01-08 04:00,24.752759793242674
2025-01-08 05:00,25.47803496006061
2025-01-08 06:00,7.800757377364694
2025-01-08 07:00,13.411741110072283
2025-01-08 08:00,21.673602961090435
2025-01-08 09:00,16.019372409132192
2025-01-08 10:00,26.45566485113448
2025-01-08 11:00,23.515400292908332
2025-01-08 12:00,28.836315742697018
2025-01-08 13:00,33.39278636478605
2025-01-08 14:00,42.58532137290574
2025-01-08 15:00,40.382943209797226
2025-01-08 16:00,47.11701158507124
2025-01-08 17:00,53.34594018861346
2025-01-08 18:00,54.95990128478647
2025-01-08 19:00,55.11406238082691
2025-01-08 20:00,55.10212169083889
2025-01-08 21:00,57.30455531658315
2025-01-08 22:00,55.936686625306734
2025-01-08 23:00,56.64543358714307
2025-01-09 00:00,56.702219984922756
2025-01-09 01:00,57.724072647377675
2025-01-09 02:00,56.83185221229625
2025-01-09 03:00,55.21556765723247
2025-01-09 04:00,55.68825241620245
2025-01-09 05:00,56.33417195007918
2025-01-09 06:00,54.72927519157773
2025-01-09 07:00,56.271264124986835
2025-01-09 08:00,56.33603059851896
2025-01-09 09:00,57.54664852633342
2025-01-09 10:00,54.91832848625879
2025-01-09 11:00,54.37399390957703
2025-01-09 12:00,55.34744327955034
2025-01-09 13:00,55.57016907209588
2025-01-09 14:00,55.304131824169204
2025-01-09 15:00,55.09299608616526
2025-01-09 16:00,56.948825301972875
2025-01-09 17:00,50.96204428928647
2025-01-09 18:00,54.9474532118707
2025-01-09 19:00,52.36516445144025
2025-01-09 20:00,50.700579772720666
2025-01-09 21:00,49.31892240304673
2025-01-09 22:00,46.3806892606992
2025-01-09 23:00,41.69637445072862
2025-01-10 00:00,37.17130575378167
2025-01-10 01:00,23.136178302262017
2025-01-10 02:00,16.72735593164274
2025-01-10 03:00,13.199112826619963
2025-01-10 04:00,10.44444653850407
2025-01-10 05:00,9.113018274469026
2025-01-10 06:00,9.04409108357714
2025-01-10 07:00,9.880020419794926
2025-01-10 08:00,8.67007811034765
2025-01-10 09:00,5.586685790502221
2025-01-10 10:00,4.587319192538769
2025-01-10 11:00,3.6956179579145996
2025-01-10 12:00,3.0976923768160516
2025-01-10 13:00,3.4067533506868393
2025-01-10 14:00,3.994887862514331
2025-01-10 15:00,4.783127506417898
2025-01-10 16:00,7.513620016448318
2025-01-10 17:00,5.48189798267014
2025-01-10 18:00,5.1821344764344595
2025-01-10 19:00,6.529787545997909
2025-01-10 20:00,4.507247869075821
2025-01-10 21:00,5.336100487781514
2025-01-10 22:00,5.200386343471019
2025-01-10 23:00,4.7971274367253605
2025-01-11 00:00,1.5270327585967511
2025-01-11 01:00,0.9540910178408878
2025-01-11 02:00,0.9398499746544431
2025-01-11 03:00,0.3889084757540384
2025-01-11 04:00,0.7780627778916014
2025-01-11 05:00,1.9216903180282436
2025-01-11 06:00,1.942673913185283
2025-01-11 07:00,1.2794467398782103
2025-01-11 08:00,1.3419117556446487
2025-01-11 09:00,0.8156415613690291
2025-01-11 10:00,1.0800890668381748
2025-01-11 11:00,0.6010152139161093
2025-01-11 12:00,0.552359610233187
2025-01-11 13:00,0.8186434114660649
2025-01-11 14:00,0.2760628336806497
2025-01-11 15:00,0.21223752884819277
2025-01-11 16:00,0.4920371155850225
2025-01-11 17:00,0.37614429777758174
2025-01-11 18:00,0.5198592118550727
2025-01-11 19:00,1.4599476501279556
2025-01-11 20:00,1.0696984451968832
2025-01-11 21:00,0.9787259911526373
2025-01-11 22:00,1.3875104607916153
2025-01-11 23:00,1.1596931029063158
2025-01-12 00:00,1.6191508534313837
2025-01-12 01:00,1.3897620392345755
2025-01-12 02:00,2.7343206117439403
2025-01-12 03:00,2.0655104113722818
2025-01-12 04:00,2.4320168409107947
2025-01-12 05:00,2.3425276327568874
2025-01-12 06:00,2.004318699789744
2025-01-12 07:00,0.6682645866008556
2025-01-12 08:00,0.5013045279762657
2025-01-12 09:00,0.5299569610001656
2025-01-12 10:00,0.34512359327625486
2025-01-12 11:00,0.06799271742687985
2025-01-12 12:00,0.8837207356879007
2025-01-12 13:00,1.5281094984672356
2025-01-12 14:00,2.7092918817945675
2025-01-12 15:00,2.2409133412996374
2025-01-12 16:00,2.4426169278492686
2025-01-12 17:00,2.558789358107391
2025-01-12 18:00,1.8085066280377378
2025-01-12 19:00,1.0348397263557219
2025-01-12 20:00,1.8257725552248738
2025-01-12 21:00,2.5307529017669332
2025-01-12 22:00,4.07610019013843
2025-01-12 23:00,4.071336069702587
2025-01-13 00:00,3.4555587766359657
2025-01-13 01:00,1.9352790823040433
2025-01-13 02:00,2.6174954545117655
2025-01-13 03:00,2.7088683306000076
2025-01-13 04:00,3.273567477000576
2025-01-13 05:00,3.759424974797572
2025-01-13 06:00,0.7610311026288413
2025-01-13 07:00,1.6753809479639021
2025-01-13 08:00,2.8789118157565046
2025-01-13 09:00,0.30154501120869875
2025-01-13 10:00,0.0
2025-01-13 11:00,1.2773313095454628
2025-01-13 12:00,4.159509731555188
2025-01-13 13:00,2.8488857829247154
2025-01-13 14:00,2.8469921905740705
2025-01-13 15:00,4.297059154748078
2025-01-13 16:00,7.429555128484811
2025-01-13 17:00,12.348528182245854
2025-01-13 18:00,22.41469118985776
2025-01-13 19:00,25.193094144115925
2025-01-13 20:00,32.2169360546933
2025-01-13 21:00,30.329489058717712
2025-01-13 22:00,34.5396560806597
2025-01-13 23:00,32.69025474544422
2025-01-14 00:00,33.270048069007444
2025-01-14 01:00,36.31358767168095
2025-01-14 02:00,38.407278959858374
2025-01-14 03:00,39.786678557443366
2025-01-14 04:00,39.460766736669044
2025-01-14 05:00,35.415971278171256
2025-01-14 06:00,34.810853539429075
2025-01-14 07:00,32.66721314440696
2025-01-14 08:00,30.748816195458225
2025-01-14 09:00,27.652164641437757
2025-01-14 10:00,22.68690039159062
2025-01-14 11:00,19.420651780604643
2025-01-14 12:00,10.118277723679768
2025-01-14 13:00,11.577234590606265
2025-01-14 14:00,14.111336320869702
2025-01-14 15:00,15.267195690721582
2025-01-14 16:00,17.049973928357822
2025-01-14 17:00,19.994523637706653
2025-01-14 18:00,25.38718866898854
2025-01-14 19:00,34.07377671295397
2025-01-14 20:00,44.175197626799346
2025-01-14 21:00,42.89266057790144
2025-01-14 22:00,46.07580851910043
2025-01-14 23:00,45.47756583116012
2025-01-15 00:00,48.00349546116086
2025-01-15 01:00,46.81361368896896
2025-01-15 02:00,51.14205085132697
2025-01-15 03:00,49.975078117834784
2025-01-15 04:00,49.48614793803478
2025-01-15 05:00,47.589046245375556
2025-01-15 06:00,48.45261283633225
2025-01-15 07:00,43.16438308464768
2025-01-15 08:00,48.47857500488078
2025-01-15 09:00,49.94527622093164
2025-01-15 10:00,43.60354794671744
2025-01-15 11:00,41.78480671101748
2025-01-15 12:00,45.0083780860337
2025-01-15 13:00,45.94855437756699
2025-01-15 14:00,42.78187837193546
2025-01-15 15:00,41.876746795421035
2025-01-15 16:00,39.172448611823455
2025-01-15 17:00,42.66695935175119
2025-01-15 18:00,44.23580712805411
2025-01-15 19:00,42.870413484962164
2025-01-15 20:00,41.85018104923972
2025-01-15 21:00,35.532782382410396
2025-01-15 22:00,24.852131145188153
2025-01-15 23:00,14.263368176205192
2025-01-16 00:00,10.00328723645952
2025-01-16 01:00,9.32725571873883
2025-01-16 02:00,5.641271609702761
2025-01-16 03:00,2.4415858628572025
2025-01-16 04:00,1.143207908860916
2025-01-16 05:00,4.411020460454602
2025-01-16 06:00,3.3771785797715204
2025-01-16 07:00,4.377521769624764
2025-01-16 08:00,9.857992301425547
2025-01-16 09:00,16.761439187189705
2025-01-16 10:00,19.014389828526006
2025-01-16 11:00,13.375097514985416
2025-01-16 12:00,10.535478283441359
2025-01-16 13:00,13.509001166683152
2025-01-16 14:00,9.852243071849896
2025-01-16 15:00,18.343844461304023
2025-01-16 16:00,12.754573630312665
2025-01-16 17:00,14.022197498280793
2025-01-16 18:00,12.440494938777796
2025-01-16 19:00,15.175873843414237
2025-01-16 20:00,12.3500253534161
2025-01-16 21:00,10.154219186405838
2025-01-16 22:00,7.267565992311039
2025-01-16 23:00,6.916872288963392
2025-01-17 00:00,11.18885063267425
2025-01-17 01:00,8.058075621007331
2025-01-17 02:00,10.775299993191865
2025-01-17 03:00,11.926715999074505
2025-01-17 04:00,10.04037425025485
2025-01-17 05:00,4.776435182068276
2025-01-17 06:00,2.1302672410153938
2025-01-17 07:00,1.0204574082459896
2025-01-17 08:00,1.8754001296093914
2025-01-17 09:00,1.71643333621538
2025-01-17 10:00,1.4916807786514377
2025-01-17 11:00,1.404710330286353
2025-01-17 12:00,5.157931657842327
2025-01-17 13:00,5.012491424290408
2025-01-17 14:00,7.476845247007792
2025-01-17 15:00,7.128476604505248
2025-01-17 16:00,14.390129366276586
2025-01-17 17:00,15.670948299194318
2025-01-17 18:00,14.030075737401305
2025-01-17 19:00,15.68911564972635
2025-01-17 20:00,17.524043931760996
2025-01-17 21:00,16.307664216287616
2025-01-17 22:00,16.00970666785332
2025-01-17 23:00,12.78201034318279
2025-01-18 00:00,4.844204715677412
2025-01-18 01:00,4.097275461301148
2025-01-18 02:00,7.039264508560942
2025-01-18 03:00,8.303612202463693
2025-01-18 04:00,7.908707628518883
2025-01-18 05:00,6.264819009575818
2025-01-18 06:00,7.169637665157285
2025-01-18 07:00,6.146520906867206
2025-01-18 08:00,3.8974023360434473
2025-01-18 09:00,2.1965170826863814
2025-01-18 10:00,1.2879302455220825
2025-01-18 11:00,1.2354485355767832
2025-01-18 12:00,1.7730227589185183
2025-01-18 13:00,2.265956383152961
2025-01-18 14:00,2.9651729678316405
2025-01-18 15:00,3.674339955160982
2025-01-18 16:00,4.530809626311671
2025-01-18 17:00,1.723562664155975
2025-01-18 18:00,1.774196037877421
2025-01-18 19:00,2.009514429407883
2025-01-18 20:00,1.977192761413486
2025-01-18 21:00,1.3324384671037461
2025-01-18 22:00,1.6051284634968135
2025-01-18 23:00,1.366847566640254
2025-01-19 00:00,0.8793029713869571
2025-01-19 01:00,2.0770397358158803
2025-01-19 02:00,2.0853705177453983
2025-01-19 03:00,0.7909090497107145
2025-01-19 04:00,0.04915543225772206
2025-01-19 05:00,0.2196734969771721
2025-01-19 06:00,0.49683450893206066
2025-01-19 07:00,0.5929696977642992
2025-01-19 08:00,0.35371253240600026
2025-01-19 09:00,0.2265990497926212
2025-01-19 10:00,0.30895163815958426
2025-01-19 11:00,0.1405230925979534
2025-01-19 12:00,1.2584634288151562
2025-01-19 13:00,1.6883729430522751
2025-01-19 14:00,1.4709110067217432
2025-01-19 15:00,1.0392256919152252
2025-01-19 16:00,1.4995898782318005
2025-01-19 17:00,1.9215638268468567
2025-01-19 18:00,0.6733368241510109
2025-01-19 19:00,1.3410576392940556
2025-01-19 20:00,2.370670227506765
2025-01-19 21:00,2.509383514677583
2025-01-19 22:00,3.3048329553758533
2025-01-19 23:00,4.41783335206372
2025-01-20 00:00,3.0468806204916152
2025-01-20 01:00,3.660385785040952
2025-01-20 02:00,3.882189928692176
2025-01-20 03:00,1.8859674538207627
2025-01-20 04:00,2.9188999981239347
2025-01-20 05:00,4.346489633876939
2025-01-20 06:00,2.728164623810626
2025-01-20 07:00,2.510426509570073
2025-01-20 08:00,1.3501937248273328
2025-01-20 09:00,0.9467272487120116
2025-01-20 10:00,1.1971596136357041
2025-01-20 11:00,2.864346626171463
2025-01-20 12:00,4.674482104206723
2025-01-20 13:00,3.336813507409903
2025-01-20 14:00,3.293596127847871
2025-01-20 15:00,3.469943434210031
2025-01-20 16:00,3.240079170987829
2025-01-20 17:00,3.306581600596016
2025-01-20 18:00,0.793419533593017
2025-01-20 19:00,2.1342400043514953
2025-01-20 20:00,2.7431380737298947
2025-01-20 21:00,3.15628233745797
2025-01-20 22:00,2.5445742729813685
2025-01-20 23:00,2.5116980703100773
2025-01-21 00:00,3.394293134107848
2025-01-21 01:00,2.9378708599721595
2025-01-21 02:00,2.4853336514949467
2025-01-21 03:00,3.9355505394778083
2025-01-21 04:00,3.597655706738556
2025-01-21 05:00,2.592019876076665
2025-01-21 06:00,2.526860373587316
2025-01-21 07:00,1.750029798436286
2025-01-21 08:00,1.2315796965715073
2025-01-21 09:00,1.161421389503989
2025-01-21 10:00,1.0026934901148297
2025-01-21 11:00,1.153028460307489
2025-01-21 12:00,1.3789317158259435
2025-01-21 13:00,3.4444541951017786
2025-01-21 14:00,4.420172494459998
2025-01-21 15:00,5.6362345370460245
2025-01-21 16:00,4.446839354657248
2025-01-21 17:00,3.7227111045271113
2025-01-21 18:00,0.8335341261974281
2025-01-21 19:00,1.2613405118901309
2025-01-21 20:00,1.3346097691179009
2025-01-21 21:00,0.3634231039182907
2025-01-21 22:00,2.025864700846931
2025-01-21 23:00,1.359020513993218
2025-01-22 00:00,2.312835868391878
2025-01-22 01:00,3.0763268237065797
2025-01-22 02:00,4.850904160528408
2025-01-22 03:00,4.072672363453071
2025-01-22 04:00,4.8491353429928274
2025-01-22 05:00,3.1830624582189175
2025-01-22 06:00,3.7171484897758225
2025-01-22 07:00,1.3672359356118782
2025-01-22 08:00,1.6310655819896211
2025-01-22 09:00,0.33934463924094865
2025-01-22 10:00,1.2313956442898815
2025-01-22 11:00,4.616675795541386
2025-01-22 12:00,4.454923626170333
2025-01-22 13:00,3.0796062766195402
2025-01-22 14:00,2.9659787863188525
2025-01-22 15:00,3.351497121822901
2025-01-22 16:00,4.112061742541588
2025-01-22 17:00,3.8644943598260206
2025-01-22 18:00,0.8076246653597201
2025-01-22 19:00,1.2987923491669557
2025-01-22 20:00,1.7862737682647711
2025-01-22 21:00,1.492767401022212
2025-01-22 22:00,1.9392881579256245
2025-01-22 23:00,2.448510992118294
2025-01-23 00:00,3.174087768103929
2025-01-23 01:00,4.685674869898071
2025-01-23 02:00,3.83044485293824
2025-01-23 03:00,5.662688831083886
2025-01-23 04:00,5.558555054130839
2025-01-23 05:00,4.666056794049981
2025-01-23 06:00,2.477536146039336
2025-01-23 07:00,2.8149695551234157
2025-01-23 08:00,2.811235324081233
2025-01-23 09:00,2.7839703190875786
2025-01-23 10:00,2.6551598791627806
2025-01-23 11:00,3.8149986474555853
2025-01-23 12:00,2.587307651800894
2025-01-23 13:00,5.008522655903322
2025-01-23 14:00,6.763977117235987
2025-01-23 15:00,7.6685546982576955
2025-01-23 16:00,12.045787553184983
2025-01-23 17:00,11.137767330883939
2025-01-23 18:00,12.705207142148483
2025-01-23 19:00,17.714243186941133
2025-01-23 20:00,17.54687577491184
2025-01-23 21:00,18.087197007536894
2025-01-23 22:00,15.025746996642845
2025-01-23 23:00,15.313501646344147
2025-01-24 00:00,16.285615692806182
2025-01-24 01:00,14.244975792303478
2025-01-24 02:00,11.31881016412964
2025-01-24 03:00,12.91031619089979
2025-01-24 04:00,13.0746403292626
2025-01-24 05:00,13.969476552314772
2025-01-24 06:00,12.402313668732026
2025-01-24 07:00,10.95931336737938
2025-01-24 08:00,9.042417486415397
2025-01-24 09:00,6.7204960232049125
2025-01-24 10:00,7.378607405071509
2025-01-24 11:00,7.9098982064114685
2025-01-24 12:00,8.847051563666259
2025-01-24 13:00,8.420034313961011
2025-01-24 14:00,10.710020781002303
2025-01-24 15:00,11.625305867239117
2025-01-24 16:00,15.129559116918468
2025-01-24 17:00,21.450754196243928
2025-01-24 18:00,20.363256961874313
2025-01-24 19:00,21.052178081972215
2025-01-24 20:00,19.485105367194706
2025-01-24 21:00,19.020323513315294
2025-01-24 22:00,19.202320476905115
2025-01-24 23:00,17.09315638367689
2025-01-25 00:00,16.018942822298282
2025-01-25 01:00,11.878376092587636
2025-01-25 02:00,13.769138615891034
2025-01-25 03:00,10.305253080524773
2025-01-25 04:00,10.472544164429003
2025-01-25 05:00,10.79964154780447
2025-01-25 06:00,8.833162135709093
2025-01-25 07:00,9.885397482276435
2025-01-25 08:00,9.099094244225467
2025-01-25 09:00,4.805861695169143
2025-01-25 10:00,4.59700996798963
2025-01-25 11:00,6.259290504318171
2025-01-25 12:00,6.934726864870344
2025-01-25 13:00,6.021881252184668
2025-01-25 14:00,5.19209483600092
2025-01-25 15:00,9.791452078990975
2025-01-25 16:00,9.967902698620634
2025-01-25 17:00,13.880741669342328
2025-01-25 18:00,18.018066313363423
2025-01-25 19:00,18.281066195822884
2025-01-25 20:00,15.348507945223805
2025-01-25 21:00,9.21057026581805
2025-01-25 22:00,8.826078167812529
2025-01-25 23:00,7.685107592930984
2025-01-26 00:00,9.098274158071055
2025-01-26 01:00,9.876036337885814
2025-01-26 02:00,13.155415431036317
2025-01-26 03:00,14.52399332775511
2025-01-26 04:00,13.207628887639402
2025-01-26 05:00,10.921803681737249
2025-01-26 06:00,9.367613033428821
2025-01-26 07:00,3.902123016141684
2025-01-26 08:00,3.1392410031399702
2025-01-26 09:00,1.9541495851916795
2025-01-26 10:00,0.631293476336182
2025-01-26 11:00,0.4528930186218046
2025-01-26 12:00,1.0425005265087375
2025-01-26 13:00,1.6016676937007301
2025-01-26 14:00,1.8561312889423058
2025-01-26 15:00,1.028494259005238
2025-01-26 16:00,1.219079472728382
2025-01-26 17:00,1.6288473317910142
2025-01-26 18:00,1.2738359245967739
2025-01-26 19:00,1.6061198126190535
2025-01-26 20:00,1.9625367050393945
2025-01-26 21:00,2.2398501641400954
2025-01-26 22:00,2.712719149846393
2025-01-26 23:00,4.189357507530356
2025-01-27 00:00,5.15430346683992
2025-01-27 01:00,6.421100945910805
2025-01-27 02:00,7.652084564219187
2025-01-27 03:00,12.446369031562066
2025-01-27 04:00,18.80893778307597
2025-01-27 05:00,27.641672263846093
2025-01-27 06:00,35.861852195797624
2025-01-27 07:00,39.345324387059364
2025-01-27 08:00,47.44964331538139
2025-01-27 09:00,45.425917798805614
2025-01-27 10:00,43.152588393300334
2025-01-27 11:00,50.64059375199395
2025-01-27 12:00,44.80686405772537
2025-01-27 13:00,50.789156939347194
2025-01-27 14:00,51.01929086057032
2025-01-27 15:00,52.48311647837298
2025-01-27 16:00,55.298591654269615
2025-01-27 17:00,53.35228884215047
2025-01-27 18:00,53.48276265588798
2025-01-27 19:00,56.09766915952897
2025-01-27 20:00,56.71484920870503
2025-01-27 21:00,53.919380644764736
2025-01-27 22:00,57.089734922151685
2025-01-27 23:00,56.587104143247004
2025-01-28 00:00,52.82716841243233
2025-01-28 01:00,56.22301106051542
2025-01-28 02:00,56.29118816303445
2025-01-28 03:00,56.10916655553379
2025-01-28 04:00,53.84153063470844
2025-01-28 05:00,54.65519035933079
2025-01-28 06:00,54.38884410501126
2025-01-28 07:00,55.27623563705495
2025-01-28 08:00,56.18191448671048
2025-01-28 09:00,55.28891731419027
2025-01-28 10:00,56.691796244191195
2025-01-28 11:00,55.89704014155667
2025-01-28 12:00,55.8906525030726
2025-01-28 13:00,55.525331228501315
2025-01-28 14:00,55.623553029828884
2025-01-28 15:00,55.73638683508683
2025-01-28 16:00,56.36014118742938
2025-01-28 17:00,56.997029117993414
2025-01-28 18:00,56.39567872461443
2025-01-28 19:00,55.97054853292184
2025-01-28 20:00,56.84072130885065
2025-01-28 21:00,57.060755011262955
2025-01-28 22:00,55.3923903108538
2025-01-28 23:00,53.817940496704566
2025-01-29 00:00,53.6951392991307
2025-01-29 01:00,54.32826689529002
2025-01-29 02:00,47.75056367285318
2025-01-29 03:00,52.036877092874505
2025-01-29 04:00,51.12850064029959
2025-01-29 05:00,51.12885041243611
2025-01-29 06:00,52.294945783384236
2025-01-29 07:00,54.50961095370383
2025-01-29 08:00,56.05128610209009
2025-01-29 09:00,55.555314358976176
2025-01-29 10:00,55.1831542436435
2025-01-29 11:00,55.42838326236796
2025-01-29 12:00,54.75444165517481
2025-01-29 13:00,52.60983805651167
2025-01-29 14:00,53.039307109652825
2025-01-29 15:00,49.06734406719525
2025-01-29 16:00,48.31650375968715
2025-01-29 17:00,52.7830593462677
2025-01-29 18:00,48.91936145612175
2025-01-29 19:00,45.10198003084683
2025-01-29 20:00,45.340496218365004
2025-01-29 21:00,38.62816925453855
2025-01-29 22:00,26.94114271907086
2025-01-29 23:00,15.814765325943744
2025-01-30 00:00,14.563061762216746
2025-01-30 01:00,10.026113282571908
2025-01-30 02:00,5.630774356446253
2025-01-30 03:00,6.035148051864347
2025-01-30 04:00,6.637189337803125
2025-01-30 05:00,5.946535091879065
2025-01-30 06:00,4.356396599390369
2025-01-30 07:00,8.186232862724438
2025-01-30 08:00,4.342958477420844
2025-01-30 09:00,5.47267106341824
2025-01-30 10:00,5.742947641036169
2025-01-30 11:00,1.738414732141234
2025-01-30 12:00,1.3219033134691465
2025-01-30 13:00,0.8806573511450071
2025-01-30 14:00,2.122536953850778
2025-01-30 15:00,2.9806388350702413
2025-01-30 16:00,5.365711132677695
2025-01-30 17:00,7.103318438327262
2025-01-30 18:00,7.7803468106630405
2025-01-30 19:00,8.457621559894175
2025-01-30 20:00,8.826803484194002
2025-01-30 21:00,6.546366003802566
2025-01-30 22:00,9.486053974822095
2025-01-30 23:00,8.130423544999937
2025-01-31 00:00,2.8499303089729784
2025-01-31 01:00,5.2467647008954605
2025-01-31 02:00,3.7045824788599857
2025-01-31 03:00,4.299190947657987
2025-01-31 04:00,5.225891901548454
2025-01-31 05:00,7.1221304236289065
2025-01-31 06:00,3.1179881764957265
2025-01-31 07:00,3.4107162961582107
2025-01-31 08:00,0.7821432255401812
2025-01-31 09:00,0.9159981522086522
2025-01-31 10:00,0.9654436854727093
2025-01-31 11:00,1.7784879680126933
2025-01-31 12:00,2.2641043289461864
2025-01-31 13:00,2.22969327962046
2025-01-31 14:00,1.2492075894700498
2025-01-31 15:00,2.156859511371593
2025-01-31 16:00,3.378436971665395
2025-01-31 17:00,4.456491928598599
2025-01-31 18:00,3.116179524934033
2025-01-31 19:00,4.5399013965971555
2025-01-31 20:00,1.735710010993309
2025-01-31 21:00,2.715074404371112
2025-01-31 22:00,1.1287102755070366
2025-01-31 23:00,1.1619397371852909
2025-02-01 00:00,3.006756226081792
2025-02-01 01:00,2.0046644980999626
2025-02-01 02:00,2.6212511038900757
2025-02-01 03:00,3.0962712601509375
2025-02-01 04:00,3.139347725581926
2025-02-01 05:00,6.3199039341738
2025-02-01 06:00,4.215731480718286
2025-02-01 07:00,3.9138027723027475
2025-02-01 08:00,5.32392152172374
2025-02-01 09:00,4.784023894543843
2025-02-01 10:00,6.696253274530155
2025-02-01 11:00,6.068183900449338
2025-02-01 12:00,6.549846242469727
2025-02-01 13:00,8.58251064527777
2025-02-01 14:00,10.023789380334094
2025-02-01 15:00,11.140918492771505
2025-02-01 16:00,12.529219625919245
2025-02-01 17:00,8.227260443333403
2025-02-01 18:00,7.270511465059284
2025-02-01 19:00,10.24070036108961
2025-02-01 20:00,11.642748870626297
2025-02-01 21:00,14.398307115635602
2025-02-01 22:00,13.22576943535303
2025-02-01 23:00,13.005198171301089
2025-02-02 00:00,10.569683925403918
2025-02-02 01:00,8.328273425480115
2025-02-02 02:00,7.060930137468523
2025-02-02 03:00,5.46832756672546
2025-02-02 04:00,5.3568250925930165
2025-02-02 05:00,5.195641323448964
2025-02-02 06:00,3.8854118524384065
2025-02-02 07:00,5.716175184619141
2025-02-02 08:00,4.79314178780435
2025-02-02 09:00,3.0433357067032585
2025-02-02 10:00,5.1019935493129145
2025-02-02 11:00,4.931815483467455
2025-02-02 12:00,4.30619528528886
2025-02-02 13:00,5.289453330464141
2025-02-02 14:00,6.018369834309207
2025-02-02 15:00,7.594298367243079
2025-02-02 16:00,12.759306860304248
2025-02-02 17:00,17.357811931613426
2025-02-02 18:00,19.738936295073252
2025-02-02 19:00,23.850863227741698
2025-02-02 20:00,24.38240467858632
2025-02-02 21:00,25.049820926427564
2025-02-02 22:00,25.610001739553297
2025-02-02 23:00,25.607604844317336
2025-02-03 00:00,30.68878066747343
2025-02-03 01:00,37.57196976211888
2025-02-03 02:00,46.60583902385296
2025-02-03 03:00,50.90081028556485
2025-02-03 04:00,50.54902994064284
2025-02-03 05:00,55.55400577528351
2025-02-03 06:00,56.584984175085125
2025-02-03 07:00,56.40029077153408
2025-02-03 08:00,56.349665526037285
2025-02-03 09:00,52.722010938902535
2025-02-03 10:00,50.02604228890089
2025-02-03 11:00,50.09954225969118
2025-02-03 12:00,50.906792524841265
2025-02-03 13:00,50.84058427437604
2025-02-03 14:00,51.26907785689857
2025-02-03 15:00,51.08891855521408
2025-02-03 16:00,52.53651770222121
2025-02-03 17:00,54.496064301267126
2025-02-03 18:00,55.49484776540787
2025-02-03 19:00,55.923249333635
2025-02-03 20:00,55.655789799235706
2025-02-03 21:00,56.32851475884485
2025-02-03 22:00,55.963838303243534
2025-02-03 23:00,56.59115118128371
2025-02-04 00:00,56.30879916161214
2025-02-04 01:00,52.79618179330824
2025-02-04 02:00,53.984963492843846
2025-02-04 03:00,55.903955048402565
2025-02-04 04:00,55.814429819189954
2025-02-04 05:00,55.31607799579075
2025-02-04 06:00,55.55217862136655
2025-02-04 07:00,52.622642903306186
2025-02-04 08:00,55.48878607784117
2025-02-04 09:00,54.88795614198779
2025-02-04 10:00,53.91884093032421
2025-02-04 11:00,53.448589752142325
2025-02-04 12:00,54.39272286013805
2025-02-04 13:00,54.012770907482654
2025-02-04 14:00,54.09922769968294
2025-02-04 15:00,53.64672446177373
2025-02-04 16:00,53.4814656872491
2025-02-04 17:00,53.84231146534233
2025-02-04 18:00,51.77021930644608
2025-02-04 19:00,50.665738413606164
2025-02-04 20:00,53.011808581817796
2025-02-04 21:00,51.46676987337301
2025-02-04 22:00,52.0745934892128
2025-02-04 23:00,51.83634035647196
2025-02-05 00:00,51.58451499158848
2025-02-05 01:00,51.16408195363971
2025-02-05 02:00,48.201810648124194
2025-02-05 03:00,44.75907943446212
2025-02-05 04:00,39.98413712743879
2025-02-05 05:00,35.80150656054799
2025-02-05 06:00,36.36013690733017
2025-02-05 07:00,27.021490070521637
2025-02-05 08:00,22.4390906413998
2025-02-05 09:00,14.46380304368271
2025-02-05 10:00,11.228119654670472
2025-02-05 11:00,11.2269837420422
2025-02-05 12:00,17.027013294926164
2025-02-05 13:00,16.577947174317128
2025-02-05 14:00,25.37879347650677
2025-02-05 15:00,34.6029476573511
2025-02-05 16:00,43.51729288850496
2025-02-05 17:00,46.28879735782953
2025-02-05 18:00,44.78950338015564
2025-02-05 19:00,49.79292632202824
2025-02-05 20:00,50.526905114041526
2025-02-05 21:00,49.64541510735805
2025-02-05 22:00,50.891236227213355
2025-02-05 23:00,47.309290644017146
2025-02-06 00:00,43.070844071501455
2025-02-06 01:00,43.134656760370426
2025-02-06 02:00,33.803945440539906
2025-02-06 03:00,27.997948906637454
2025-02-06 04:00,17.50930106441791
2025-02-06 05:00,12.921461462241748
2025-02-06 06:00,11.864647071627832
2025-02-06 07:00,5.7061201400018575
2025-02-06 08:00,3.96521985068921
2025-02-06 09:00,6.63702271008405
2025-02-06 10:00,9.758867398707103
2025-02-06 11:00,17.899971235291595
2025-02-06 12:00,22.461525940197063
2025-02-06 13:00,21.879742248734594
2025-02-06 14:00,21.945186255593377
2025-02-06 15:00,33.826751219691516
2025-02-06 16:00,35.42870534556239
2025-02-06 17:00,32.85573937212781
2025-02-06 18:00,44.31105029524984
2025-02-06 19:00,52.27916768646299
2025-02-06 20:00,49.17798412514391
2025-02-06 21:00,40.91567681481823
2025-02-06 22:00,35.65492526059385
2025-02-06 23:00,30.24325382347144
2025-02-07 00:00,24.782648267364394
2025-02-07 01:00,17.248406481452292
2025-02-07 02:00,17.595752169155908
2025-02-07 03:00,22.727011706663745
2025-02-07 04:00,17.054697761272184
2025-02-07 05:00,28.34948943696216
2025-02-07 06:00,33.71707733515379
2025-02-07 07:00,39.897208346685346
2025-02-07 08:00,45.66220865288827
2025-02-07 09:00,55.361978777845536
2025-02-07 10:00,53.30354669478365
2025-02-07 11:00,51.21550862178327
2025-02-07 12:00,52.2038079903173
2025-02-07 13:00,54.816983820201884
2025-02-07 14:00,54.944774663543164
2025-02-07 15:00,54.4058618634953
2025-02-07 16:00,54.95014870348716
2025-02-07 17:00,55.55824443814218
2025-02-07 18:00,55.04593357623885
2025-02-07 19:00,54.42964294561614
2025-02-07 20:00,54.35336350630621
2025-02-07 21:00,51.773758197143906
2025-02-07 22:00,50.267869221969114
2025-02-07 23:00,51.66854980889128
2025-02-08 00:00,45.30728600672094
2025-02-08 01:00,43.440562260774
2025-02-08 02:00,39.83466371272052
2025-02-08 03:00,30.72722045057504
2025-02-08 04:00,24.928847813965803
2025-02-08 05:00,28.35197263150755
2025-02-08 06:00,22.084049331542907
2025-02-08 07:00,20.20078877616924
2025-02-08 08:00,20.500176638826183
2025-02-08 09:00,22.171431705835992
2025-02-08 10:00,27.682717678609734
2025-02-08 11:00,39.231234866620056
2025-02-08 12:00,44.81436914434881
2025-02-08 13:00,42.841528958177705
2025-02-08 14:00,39.57715914322881
2025-02-08 15:00,42.735145329760726
2025-02-08 16:00,38.24529469158679
2025-02-08 17:00,39.62128563736273
2025-02-08 18:00,29.861265280991923
2025-02-08 19:00,20.73544140183279
2025-02-08 20:00,12.41591975268889
2025-02-08 21:00,10.061147533450995
2025-02-08 22:00,4.527488204381663
2025-02-08 23:00,3.2226977331995714
2025-02-09 00:00,7.015109312964678
2025-02-09 01:00,4.222955646380168
2025-02-09 02:00,2.7424441605350363
2025-02-09 03:00,3.586440819711256
2025-02-09 04:00,2.153143190359057
2025-02-09 05:00,1.9376566832051219
2025-02-09 06:00,1.4139530922482382
2025-02-09 07:00,1.1168571674857999
2025-02-09 08:00,1.3620124885316849
2025-02-09 09:00,2.1809158238118957
2025-02-09 10:00,1.652237969584101
2025-02-09 11:00,1.8419287686072967
2025-02-09 12:00,2.456784609359525
2025-02-09 13:00,2.967399482266802
2025-02-09 14:00,4.079125080551712
2025-02-09 15:00,7.709972229902503
2025-02-09 16:00,8.89722265759277
2025-02-09 17:00,11.889150111171277
2025-02-09 18:00,9.59921766539005
2025-02-09 19:00,17.91890257911474
2025-02-09 20:00,18.16088477999732
2025-02-09 21:00,15.441995922093799
2025-02-09 22:00,16.142313168603465
2025-02-09 23:00,12.943778689889502
2025-02-10 00:00,9.116001789952097
2025-02-10 01:00,10.410770715440101
2025-02-10 02:00,10.259364363966966
2025-02-10 03:00,10.926814625170842
2025-02-10 04:00,7.2619569683507175
2025-02-10 05:00,1.9465669908275154
2025-02-10 06:00,1.3854614737773938
2025-02-10 07:00,0.298935703586194
2025-02-10 08:00,0.0
2025-02-10 09:00,1.240163410722352
2025-02-10 10:00,0.9227938275111726
2025-02-10 11:00,1.8863356332266112
2025-02-10 12:00,3.3093524846958906
2025-02-10 13:00,5.114054401676546
2025-02-10 14:00,6.926999181546412
2025-02-10 15:00,10.2809482812631
2025-02-10 16:00,10.72849107324068
2025-02-10 17:00,14.580492212041182
2025-02-10 18:00,17.522513057476687
2025-02-10 19:00,11.057567227365194
2025-02-10 20:00,3.6170210631053132
2025-02-10 21:00,0.636883783646602
2025-02-10 22:00,2.189871594002307
2025-02-10 23:00,1.3611018088337952
2025-02-11 00:00,0.6330351773887508
2025-02-11 01:00,1.4748438947520233
2025-02-11 02:00,1.0073401070736803
2025-02-11 03:00,1.4673313113355624
2025-02-11 04:00,1.8636580352070053
2025-02-11 05:00,1.0005019799454578
2025-02-11 06:00,1.250422738436686
2025-02-11 07:00,1.3260646289914613
2025-02-11 08:00,0.6533103042719537
2025-02-11 09:00,0.08746024977522283
2025-02-11 10:00,0.7662650527893075
2025-02-11 11:00,0.5880871994174268
2025-02-11 12:00,0.0
2025-02-11 13:00,0.5207159401503744
2025-02-11 14:00,1.1854256982326528
2025-02-11 15:00,1.835516568828465
2025-02-11 16:00,2.9348383974601093
2025-02-11 17:00,2.7736947939416705
2025-02-11 18:00,2.079175951034391
2025-02-11 19:00,5.06933173867141
2025-02-11 20:00,2.8943856709411144
2025-02-11 21:00,2.1051193098292282
2025-02-11 22:00,2.040159119199301
2025-02-11 23:00,1.2169424650513956
2025-02-12 00:00,1.5228312290798902
2025-02-12 01:00,2.038784778233601
2025-02-12 02:00,1.5938228424085694
2025-02-12 03:00,1.4755364920294682
2025-02-12 04:00,3.5115303917466356
2025-02-12 05:00,7.4448990696092086
2025-02-12 06:00,14.12538180495774
2025-02-12 07:00,11.21822773091858
2025-02-12 08:00,11.455359085416871
2025-02-12 09:00,12.93455071618223
2025-02-12 10:00,7.757865634305393
2025-02-12 11:00,12.333728929229206
2025-02-12 12:00,14.6132112718171
2025-02-12 13:00,21.75973582556881
2025-02-12 14:00,33.135959364712946
2025-02-12 15:00,42.824300557261736
2025-02-12 16:00,47.71458912616279
2025-02-12 17:00,49.722149775150605
2025-02-12 18:00,54.80861200425602
2025-02-12 19:00,55.26964441606496
2025-02-12 20:00,56.45218009157395
2025-02-12 21:00,56.90853968894719
2025-02-12 22:00,57.02810261250851
2025-02-12 23:00,55.84116497381038
2025-02-13 00:00,53.380221029626426
2025-02-13 01:00,47.194958484270245
2025-02-13 02:00,42.98846539308521
2025-02-13 03:00,40.14909347670457
2025-02-13 04:00,32.91186304213473
2025-02-13 05:00,21.64926802900571
2025-02-13 06:00,9.498841685745704
2025-02-13 07:00,7.673363877222268
2025-02-13 08:00,3.242997202857681
2025-02-13 09:00,3.779968862809403
2025-02-13 10:00,3.9854646428456237
2025-02-13 11:00,3.80262747567373
2025-02-13 12:00,2.982643217501648
2025-02-13 13:00,4.311863570550739
2025-02-13 14:00,3.872448298918651
2025-02-13 15:00,6.449495369919791
2025-02-13 16:00,8.406655797201998
2025-02-13 17:00,9.775505071587332
2025-02-13 18:00,8.276194434587858
2025-02-13 19:00,9.476324806269146
2025-02-13 20:00,5.458909885140979
2025-02-13 21:00,2.6995484394024363
2025-02-13 22:00,3.615603921150195
2025-02-13 23:00,4.033568308282337
2025-02-14 00:00,7.663405767558459
2025-02-14 01:00,6.378086032325777
2025-02-14 02:00,7.982639999740128
2025-02-14 03:00,5.627483031542242
2025-02-14 04:00,4.803109700022779
2025-02-14 05:00,3.073354412596192
2025-02-14 06:00,1.148333731140889
2025-02-14 07:00,1.5301996627425303
2025-02-14 08:00,1.4401413651104829
2025-02-14 09:00,0.6211438322401962
2025-02-14 10:00,0.3950742638321695
2025-02-14 11:00,3.0212050037840843
2025-02-14 12:00,3.3223160404607675
2025-02-14 13:00,3.4037908140579876
2025-02-14 14:00,3.338727454639032
2025-02-14 15:00,3.34776914173121
2025-02-14 16:00,3.3856850617523477
2025-02-14 17:00,2.372645158482154
2025-02-14 18:00,1.2201287737495337
2025-02-14 19:00,1.550633737177914
2025-02-14 20:00,2.5441478718157216
2025-02-14 21:00,2.7750801763239386
2025-02-14 22:00,2.0849547986848957
2025-02-14 23:00,5.410789873022708
2025-02-15 00:00,3.5525305174130883
2025-02-15 01:00,3.2879632837712327
2025-02-15 02:00,1.994712243295282
2025-02-15 03:00,1.894278476617005
2025-02-15 04:00,1.4159745234596393
2025-02-15 05:00,1.340465234187988
2025-02-15 06:00,0.7824136916525809
2025-02-15 07:00,0.7956800895022349
2025-02-15 08:00,0.6511225975976731
2025-02-15 09:00,0.5665117770737449
2025-02-15 10:00,0.46261765643895103
2025-02-15 11:00,1.0022170531807135
2025-02-15 12:00,1.350814284170875
2025-02-15 13:00,1.6256813180290846
2025-02-15 14:00,1.8846677117137747
2025-02-15 15:00,1.7664208210158932
2025-02-15 16:00,1.5200086388987963
2025-02-15 17:00,1.7785988501824428
2025-02-15 18:00,1.239940002652804
2025-02-15 19:00,0.3220174267625277
2025-02-15 20:00,0.6784001325462159
2025-02-15 21:00,0.6893069052992313
2025-02-15 22:00,1.1651059390334706
2025-02-15 23:00,1.2783187959521025
2025-02-16 00:00,1.809728413332719
2025-02-16 01:00,2.703574764986811
2025-02-16 02:00,2.272712669777805
2025-02-16 03:00,1.3614170708671343
2025-02-16 04:00,2.782348539055806
2025-02-16 05:00,3.4968604942458232
2025-02-16 06:00,2.8970928184320828
2025-02-16 07:00,3.7108738359813893
2025-02-16 08:00,3.5558500752615076
2025-02-16 09:00,1.201355399605234
2025-02-16 10:00,0.893777069344313
2025-02-16 11:00,8.206056470603205
2025-02-16 12:00,10.74646151950704
2025-02-16 13:00,9.909610704956147
2025-02-16 14:00,10.679415700561087
2025-02-16 15:00,15.58217336436594
2025-02-16 16:00,21.00797387047829
2025-02-16 17:00,27.895562380998953
2025-02-16 18:00,34.58896891151437
2025-02-16 19:00,41.23069142159956
2025-02-16 20:00,43.40668035371951
2025-02-16 21:00,48.231362987609884
2025-02-16 22:00,49.55935585654494
2025-02-16 23:00,51.982315786942124
2025-02-17 00:00,50.76659379699933
2025-02-17 01:00,49.6073279560677
2025-02-17 02:00,50.817853618966865
2025-02-17 03:00,54.05732385597466
2025-02-17 04:00,51.95772476728027
2025-02-17 05:00,51.27201554582021
2025-02-17 06:00,51.80801409141912
2025-02-17 07:00,52.393184335053974
2025-02-17 08:00,49.95988596764617
2025-02-17 09:00,51.97358204936555
2025-02-17 10:00,50.4595831016414
2025-02-17 11:00,48.69508281097494
2025-02-17 12:00,50.78999930876833
2025-02-17 13:00,49.58676550166523
2025-02-17 14:00,50.034140601301615
2025-02-17 15:00,47.19655176561954
2025-02-17 16:00,47.81119114595075
2025-02-17 17:00,47.688110874506734
2025-02-17 18:00,45.56763123331315
2025-02-17 19:00,43.924816510136296
2025-02-17 20:00,45.00530805181219
2025-02-17 21:00,45.78035871239559
2025-02-17 22:00,45.41075222802674
2025-02-17 23:00,38.804337975018214
2025-02-18 00:00,32.586623463702566
2025-02-18 01:00,36.215892036756586
2025-02-18 02:00,37.39354858910173
2025-02-18 03:00,33.76421301912505
2025-02-18 04:00,31.241079217182
2025-02-18 05:00,34.74009707886454
2025-02-18 06:00,30.7670120781193
2025-02-18 07:00,33.604674906053305
2025-02-18 08:00,42.14270877464531
2025-02-18 09:00,42.016209789432466
2025-02-18 10:00,41.9563246904097
2025-02-18 11:00,42.35026752746646
2025-02-18 12:00,48.55239054639472
2025-02-18 13:00,48.70671533038222
2025-02-18 14:00,49.85440754897784
2025-02-18 15:00,49.984826753510674
2025-02-18 16:00,47.978238915789476
2025-02-18 17:00,47.62951858108613
2025-02-18 18:00,49.37208647097742
2025-02-18 19:00,49.47519799209543
2025-02-18 20:00,48.95087166070549
2025-02-18 21:00,48.80352723778913
2025-02-18 22:00,48.61328380581081
2025-02-18 23:00,45.104643384801385
2025-02-19 00:00,37.53044269002346
2025-02-19 01:00,37.16969979739348
2025-02-19 02:00,40.923734735388834
2025-02-19 03:00,31.488236774391346
2025-02-19 04:00,32.23487922316761
2025-02-19 05:00,37.29868547919121
2025-02-19 06:00,40.93800168446124
2025-02-19 07:00,41.45647006835922
2025-02-19 08:00,44.15509734418947
2025-02-19 09:00,47.11219289092959
2025-02-19 10:00,47.44736779238903
2025-02-19 11:00,49.00881856770803
2025-02-19 12:00,50.75250976322195
2025-02-19 13:00,48.82538798941266
2025-02-19 14:00,50.037687405185814
2025-02-19 15:00,46.15808053488709
2025-02-19 16:00,46.37602323477068
2025-02-19 17:00,47.71326884401216
2025-02-19 18:00,43.20890084679907
2025-02-19 19:00,45.18482244880791
2025-02-19 20:00,42.83329086393982
2025-02-19 21:00,39.70738197981936
2025-02-19 22:00,34.01812024055351
2025-02-19 23:00,28.561059985106223
2025-02-20 00:00,25.635448775455224
2025-02-20 01:00,20.91944194020155
2025-02-20 02:00,18.725516430698697
2025-02-20 03:00,19.04411928979311
2025-02-20 04:00,16.506877915885873
2025-02-20 05:00,13.96034932108711
2025-02-20 06:00,9.433859531357378
2025-02-20 07:00,6.241189464503254
2025-02-20 08:00,10.263304186619116
2025-02-20 09:00,15.612967173336525
2025-02-20 10:00,17.979983565899893
2025-02-20 11:00,24.82886023577649
2025-02-20 12:00,30.165825505888733
2025-02-20 13:00,36.91241956393229
2025-02-20 14:00,37.8029552280133
2025-02-20 15:00,45.677811529569404
2025-02-20 16:00,43.907795030480415
2025-02-20 17:00,45.33693728045735
2025-02-20 18:00,45.81305872146997
2025-02-20 19:00,47.287393354140676
2025-02-20 20:00,48.010025994940406
2025-02-20 21:00,44.703650436443894
2025-02-20 22:00,46.77067231709806
2025-02-20 23:00,42.29251515220075
2025-02-21 00:00,39.42166939923791
2025-02-21 01:00,38.38284601100301
2025-02-21 02:00,36.018762754147616
2025-02-21 03:00,27.80807484118956
2025-02-21 04:00,24.119660198750925
2025-02-21 05:00,20.913856267094893
2025-02-21 06:00,17.682410084836242
2025-02-21 07:00,14.326615839392794
2025-02-21 08:00,15.33114759745865
2025-02-21 09:00,21.260725768211074
2025-02-21 10:00,18.129128528016555
2025-02-21 11:00,22.92214047046543
2025-02-21 12:00,27.712017555533873
2025-02-21 13:00,32.2360141289607
2025-02-21 14:00,32.0064845177922
2025-02-21 15:00,33.21708950085579
2025-02-21 16:00,34.9941797169058
2025-02-21 17:00,36.58594236160462
2025-02-21 18:00,37.64366253144949
2025-02-21 19:00,39.05758945496602
2025-02-21 20:00,40.94060178698331
2025-02-21 21:00,35.051818391531256
2025-02-21 22:00,32.846648120236345
2025-02-21 23:00,29.70565586979263
2025-02-22 00:00,30.344487470951094
2025-02-22 01:00,30.082641109552355
2025-02-22 02:00,43.91545137940513
2025-02-22 03:00,43.919665772980395
2025-02-22 04:00,45.148841057528536
2025-02-22 05:00,40.457002112375285
2025-02-22 06:00,39.39992611223107
2025-02-22 07:00,35.80653840481148
2025-02-22 08:00,40.42260660769726
2025-02-22 09:00,39.43401719289146
2025-02-22 10:00,32.67209209911857
2025-02-22 11:00,31.62269669822664
2025-02-22 12:00,35.59520481741647
2025-02-22 13:00,35.85062402358525
2025-02-22 14:00,35.45122146859797
2025-02-22 15:00,35.273779197505156
2025-02-22 16:00,34.96168364360267
2025-02-22 17:00,35.844388829241126
2025-02-22 18:00,38.622972012128336
2025-02-22 19:00,41.99884964036375
2025-02-22 20:00,40.328501055075634
2025-02-22 21:00,38.58650008886407
2025-02-22 22:00,34.35131023764073
2025-02-22 23:00,31.511132688162895
2025-02-23 00:00,28.583345126141523
2025-02-23 01:00,28.70724978185021
2025-02-23 02:00,21.549025765622766
2025-02-23 03:00,20.372252726448593
2025-02-23 04:00,12.047845409678251
2025-02-23 05:00,14.609044017614497
2025-02-23 06:00,17.50758201016949
2025-02-23 07:00,24.1077155397209
2025-02-23 08:00,42.66629662591127
2025-02-23 09:00,42.182119044131426
2025-02-23 10:00,42.31488118312591
2025-02-23 11:00,45.33888998949024
2025-02-23 12:00,45.46638598322822
2025-02-23 13:00,49.707564443693094
2025-02-23 14:00,49.85738648625211
2025-02-23 15:00,52.007928298992745
2025-02-23 16:00,52.02855560440036
2025-02-23 17:00,51.93901912616218
2025-02-23 18:00,51.89792866237911
2025-02-23 19:00,53.319402281601306
2025-02-23 20:00,53.48781932040376
2025-02-23 21:00,53.6093079464363
2025-02-23 22:00,51.84560517565254
2025-02-23 23:00,48.779103563886245
2025-02-24 00:00,44.098133342485646
2025-02-24 01:00,39.304451287717434
2025-02-24 02:00,34.61478597203507
2025-02-24 03:00,29.09193216546686
2025-02-24 04:00,18.054295320536248
2025-02-24 05:00,11.018597448929706
2025-02-24 06:00,9.718405224338127
2025-02-24 07:00,6.184511158007844
2025-02-24 08:00,11.487205224078561
2025-02-24 09:00,13.592777329684868
2025-02-24 10:00,12.229187506822212
2025-02-24 11:00,13.586157011838038
2025-02-24 12:00,13.35979549645279
2025-02-24 13:00,15.963109934812998
2025-02-24 14:00,25.658920865202994
2025-02-24 15:00,21.106684668614832
2025-02-24 16:00,20.286717671553497
2025-02-24 17:00,19.35497257163204
2025-02-24 18:00,18.869498060337534
2025-02-24 19:00,18.689804664313485
2025-02-24 20:00,12.774285244754598
2025-02-24 21:00,7.544241246889085
2025-02-24 22:00,2.5034642993088188
2025-02-24 23:00,1.2137680418572996
2025-02-25 00:00,1.0784888682001414
2025-02-25 01:00,2.1406159257615167
2025-02-25 02:00,2.7860223916006484
2025-02-25 03:00,3.3831649056486146
2025-02-25 04:00,2.5364408188062804
2025-02-25 05:00,1.9514492577337235
2025-02-25 06:00,1.237012635687168
2025-02-25 07:00,3.464717573056295
2025-02-25 08:00,5.85410460102093
2025-02-25 09:00,2.6186141113107055
2025-02-25 10:00,4.87240525606337
2025-02-25 11:00,3.2219190488238603
2025-02-25 12:00,2.998730067595639
2025-02-25 13:00,5.887450998294812
2025-02-25 14:00,7.2622362623155166
2025-02-25 15:00,11.615212056537548
2025-02-25 16:00,11.070969968816263
2025-02-25 17:00,18.202642263294436
2025-02-25 18:00,23.596245106660966
2025-02-25 19:00,24.086142413807316
2025-02-25 20:00,28.463619683525703
2025-02-25 21:00,21.222480724361745
2025-02-25 22:00,19.203755760520473
2025-02-25 23:00,19.25891804374283
2025-02-26 00:00,21.611164895258902
2025-02-26 01:00,19.47084554249414
2025-02-26 02:00,19.3583702698457
2025-02-26 03:00,14.948051762533954
2025-02-26 04:00,11.39779564638863
2025-02-26 05:00,10.384082527533721
2025-02-26 06:00,19.35713518834517
2025-02-26 07:00,21.549536128076063
2025-02-26 08:00,22.13255442565388
2025-02-26 09:00,19.359107440780544
2025-02-26 10:00,11.675745499073358
2025-02-26 11:00,9.137088226306428
2025-02-26 12:00,11.050095581223163
2025-02-26 13:00,12.210517736082483
2025-02-26 14:00,8.892294002197442
2025-02-26 15:00,7.068881294543734
2025-02-26 16:00,5.484515088363251
2025-02-26 17:00,4.769624781275052
2025-02-26 18:00,2.569144229776899
2025-02-26 19:00,0.8684661762485084
2025-02-26 20:00,1.4781041542167095
2025-02-26 21:00,0.7697625726188475
2025-02-26 22:00,0.9612134892589881
2025-02-26 23:00,0.46270595289576977
2025-02-27 00:00,0.5473701762595556
2025-02-27 01:00,0.1657892593009798
2025-02-27 02:00,0.001775172654109253
2025-02-27 03:00,0.4665716848557919
2025-02-27 04:00,0.6910872612452713
2025-02-27 05:00,0.48214539876333085
2025-02-27 06:00,0.3172014372070786
2025-02-27 07:00,0.0955262374722418
2025-02-27 08:00,0.3668260851349171
2025-02-27 09:00,1.2648111354297789
2025-02-27 10:00,0.38593712213671627
2025-02-27 11:00,1.0058494884653306
2025-02-27 12:00,0.9455938424144869
2025-02-27 13:00,1.3283362604656954
2025-02-27 14:00,3.0596094022635256
2025-02-27 15:00,3.7830659578779455
2025-02-27 16:00,3.4011549554688747
2025-02-27 17:00,3.3032225633348453
2025-02-27 18:00,3.291473981297023
2025-02-27 19:00,6.076238082743439
2025-02-27 20:00,1.9101789518889778
2025-02-27 21:00,0.9639814049415685
2025-02-27 22:00,3.063676628765622
2025-02-27 23:00,1.1470073422847076
2025-02-28 00:00,1.779937094288515
2025-02-28 01:00,1.6530051155570575
2025-02-28 02:00,0.977766311724555
2025-02-28 03:00,1.005902655504585
2025-02-28 04:00,0.6571391421364698
2025-02-28 05:00,0.5282689158660465
2025-02-28 06:00,1.2743382777146695
2025-02-28 07:00,0.7532154354635894
2025-02-28 08:00,0.6284619720521135
2025-02-28 09:00,0.9750454796390025
2025-02-28 10:00,3.4629261437747862
2025-02-28 11:00,2.9950988327103967
2025-02-28 12:00,3.7016175632330564
2025-02-28 13:00,4.671530430332988
2025-02-28 14:00,5.713884190349063
2025-02-28 15:00,4.48205101681677
2025-02-28 16:00,4.993756003388965
2025-02-28 17:00,5.169970598971313
2025-02-28 18:00,7.251734984249758
2025-02-28 19:00,4.996046371950938
2025-02-28 20:00,3.983669947636321
2025-02-28 21:00,3.862134650924526
2025-02-28 22:00,3.1070218762521606
2025-02-28 23:00,2.64345587562575
2025-03-01 00:00,2.3495857217780145
2025-03-01 01:00,1.9916705772638252
2025-03-01 02:00,1.743392182633989
2025-03-01 03:00,1.011803572720455
2025-03-01 04:00,2.349823559866743
2025-03-01 05:00,3.5693302400308733
2025-03-01 06:00,2.1401368527900146
2025-03-01 07:00,2.7442746103360043
2025-03-01 08:00,2.3764017558772608
2025-03-01 09:00,1.8605355497640812
2025-03-01 10:00,1.876706111939796
2025-03-01 11:00,1.887047907604087
2025-03-01 12:00,2.5233794180034113
2025-03-01 13:00,3.453528320034844
2025-03-01 14:00,6.306834334875737
2025-03-01 15:00,10.334534576259774
2025-03-01 16:00,9.071338772800383
2025-03-01 17:00,11.01977484488333
2025-03-01 18:00,11.361024634554099
2025-03-01 19:00,9.076863568431069
2025-03-01 20:00,9.242377731629585
2025-03-01 21:00,6.317602061469424
2025-03-01 22:00,5.170429057296607
2025-03-01 23:00,10.064361840404091
2025-03-02 00:00,9.788908492024223
2025-03-02 01:00,8.704493819537742
2025-03-02 02:00,6.475640812106789
2025-03-02 03:00,9.708284775758546
2025-03-02 04:00,7.5290057772841905
2025-03-02 05:00,7.7599265459381375
2025-03-02 06:00,6.428800816706282
2025-03-02 07:00,7.468553177137943
2025-03-02 08:00,7.358367873909009
2025-03-02 09:00,6.475100867971287
2025-03-02 10:00,8.376401178851648
2025-03-02 11:00,7.331083485064286
2025-03-02 12:00,3.915697627452256
2025-03-02 13:00,2.7145015674792714
2025-03-02 14:00,3.1307470334568865
2025-03-02 15:00,3.4016812951276405
2025-03-02 16:00,4.9118403459425135
2025-03-02 17:00,4.085467402694569
2025-03-02 18:00,13.62234587525834
2025-03-02 19:00,12.005693666093954
2025-03-02 20:00,22.114888198272354
2025-03-02 21:00,28.670699127304246
2025-03-02 22:00,41.23774657866272
2025-03-02 23:00,44.353832228041064
2025-03-03 00:00,46.50185642956234
2025-03-03 01:00,51.55874670730812
2025-03-03 02:00,50.771169833590676
2025-03-03 03:00,49.4448918792303
2025-03-03 04:00,52.84056241086056
2025-03-03 05:00,49.141612704393154
2025-03-03 06:00,50.93067355037438
2025-03-03 07:00,47.577914366953436
2025-03-03 08:00,44.62773397708511
2025-03-03 09:00,41.55639494358202
2025-03-03 10:00,38.742181475575826
2025-03-03 11:00,36.931866892415385
2025-03-03 12:00,36.50024200989916
2025-03-03 13:00,37.49765535949745
2025-03-03 14:00,33.57121371513395
2025-03-03 15:00,34.50700342357843
2025-03-03 16:00,36.78843858669033
2025-03-03 17:00,38.95306486425756
2025-03-03 18:00,39.26426487992068
2025-03-03 19:00,38.93836954417827
2025-03-03 20:00,36.94432277314142
2025-03-03 21:00,31.486878246160146
2025-03-03 22:00,26.758459988657805
2025-03-03 23:00,23.36414017818285
2025-03-04 00:00,25.155485382974014
2025-03-04 01:00,25.073999457181806
2025-03-04 02:00,28.29427845588448
2025-03-04 03:00,33.85738807978174
2025-03-04 04:00,28.780956831561063
2025-03-04 05:00,32.640816862717465
2025-03-04 06:00,33.8763992542787
2025-03-04 07:00,30.403001080945558
2025-03-04 08:00,27.23692573183022
2025-03-04 09:00,24.711361680059923
2025-03-04 10:00,20.85093824690626
2025-03-04 11:00,21.766600859891874
2025-03-04 12:00,17.991278607864334
2025-03-04 13:00,22.770810841328803
2025-03-04 14:00,21.73069229767345
2025-03-04 15:00,22.78619707484821
2025-03-04 16:00,21.54216981422791
2025-03-04 17:00,28.103214221539183
2025-03-04 18:00,28.25758977342209
2025-03-04 19:00,30.767015813941427
2025-03-04 20:00,30.526057770244552
2025-03-04 21:00,26.317831842740652
2025-03-04 22:00,22.011861627938274
2025-03-04 23:00,15.838685386711187
2025-03-05 00:00,9.944446569801222
2025-03-05 01:00,9.619217500346227
2025-03-05 02:00,11.233822496860128
2025-03-05 03:00,7.733296009822738
2025-03-05 04:00,6.5537427630682785
2025-03-05 05:00,5.405796210679124
2025-03-05 06:00,4.570983897006341
2025-03-05 07:00,5.16244447999993
2025-03-05 08:00,4.380516903502015
2025-03-05 09:00,4.141653138083935
2025-03-05 10:00,5.897404168722128
2025-03-05 11:00,5.908265448988921
2025-03-05 12:00,9.590532030167797
2025-03-05 13:00,7.720860139276043
2025-03-05 14:00,11.513428342451844
2025-03-05 15:00,9.95436519245395
2025-03-05 16:00,12.655997771793977
2025-03-05 17:00,15.908259286475552
2025-03-05 18:00,19.018648850807693
2025-03-05 19:00,19.119136739921387
2025-03-05 20:00,24.353275646733533
2025-03-05 21:00,29.196302557292817
2025-03-05 22:00,23.193744695854758
2025-03-05 23:00,18.479989211630603
2025-03-06 00:00,21.199333805098835
2025-03-06 01:00,16.8787546544796
2025-03-06 02:00,12.988110968040901
2025-03-06 03:00,14.582320480283562
2025-03-06 04:00,13.068454758480815
2025-03-06 05:00,6.893532964569529
2025-03-06 06:00,4.536682119229273
2025-03-06 07:00,7.610252323243393
2025-03-06 08:00,5.258692825246796
2025-03-06 09:00,12.23424458278043
2025-03-06 10:00,15.328345777942387
2025-03-06 11:00,23.815941286514125
2025-03-06 12:00,24.97209742971721
2025-03-06 13:00,27.048356377471983
2025-03-06 14:00,28.804058721502557
2025-03-06 15:00,32.59483099158871
2025-03-06 16:00,30.75172771293898
2025-03-06 17:00,31.408842025394073
2025-03-06 18:00,23.915216993551496
2025-03-06 19:00,17.44215237252176
2025-03-06 20:00,14.493389782242831
2025-03-06 21:00,8.068941957942743
2025-03-06 22:00,3.83449366436268
2025-03-06 23:00,2.2271020496216716
2025-03-07 00:00,3.3950118730871193
2025-03-07 01:00,2.2577177962018276
2025-03-07 02:00,2.7373597007364463
2025-03-07 03:00,1.8528419251932882
2025-03-07 04:00,2.10675198629687
2025-03-07 05:00,1.4968603139181176
2025-03-07 06:00,0.3318629481488436
2025-03-07 07:00,0.00953134366227749
2025-03-07 08:00,0.45597378622041385
2025-03-07 09:00,0.49389743724916
2025-03-07 10:00,0.09217707185942545
2025-03-07 11:00,0.04681032828885729
2025-03-07 12:00,0.0
2025-03-07 13:00,1.1461500837011103
2025-03-07 14:00,1.9851075444857886
2025-03-07 15:00,3.9720745056199047
2025-03-07 16:00,6.746377338566872
2025-03-07 17:00,5.801915663066191
2025-03-07 18:00,4.299597317890954
2025-03-07 19:00,3.8110683961541376
2025-03-07 20:00,0.4365615860311383
2025-03-07 21:00,0.0
2025-03-07 22:00,0.10246082471623111
2025-03-07 23:00,0.15929657728548635
2025-03-08 00:00,0.40085737962263257
2025-03-08 01:00,0.4734983032516122
2025-03-08 02:00,0.6836575726729104
2025-03-08 03:00,0.6338812215085223
2025-03-08 04:00,0.8002135736139813
2025-03-08 05:00,1.3459979491016199
2025-03-08 06:00,1.9986488231403396
2025-03-08 07:00,1.9465096381431528
2025-03-08 08:00,1.1721060819324711
2025-03-08 09:00,0.12276735996247493
2025-03-08 10:00,0.2645427219912773
2025-03-08 11:00,0.07743978023833852
2025-03-08 12:00,0.12373455149626243
2025-03-08 13:00,2.107091571942705
2025-03-08 14:00,2.783356031635954
2025-03-08 15:00,3.437759672383973
2025-03-08 16:00,3.267500437734304
2025-03-08 17:00,5.228426705556362
2025-03-08 18:00,4.336693607751291
2025-03-08 19:00,1.9973904081599416
2025-03-08 20:00,0.31792996909610444
2025-03-08 21:00,2.1307722756099357
2025-03-08 22:00,2.7051674476508043
2025-03-08 23:00,1.5267069205920698
2025-03-09 00:00,3.7609949164222325
2025-03-09 01:00,3.083661684725625
2025-03-09 02:00,3.8802756268601097
2025-03-09 03:00,5.867170679416345
2025-03-09 04:00,5.330732373852408
2025-03-09 05:00,3.5620428972346327
2025-03-09 06:00,4.2154365365160285
2025-03-09 07:00,4.849938909060205
2025-03-09 08:00,1.6354647372865907
2025-03-09 09:00,1.6023282279001672
2025-03-09 10:00,2.480206383935998
2025-03-09 11:00,2.4796261470705847
2025-03-09 12:00,4.974175816352438
2025-03-09 13:00,6.1150117560213
2025-03-09 14:00,5.488818778430451
2025-03-09 15:00,7.929299306719688
2025-03-09 16:00,8.21811143283432
2025-03-09 17:00,6.316108724090895
2025-03-09 18:00,2.987026431375175
2025-03-09 19:00,2.1747482644164644
2025-03-09 20:00,3.1771233899246365
2025-03-09 21:00,0.18036233229299076
2025-03-09 22:00,0.4890368793813808
2025-03-09 23:00,0.7482193444165586
2025-03-10 00:00,0.3666542779326427
2025-03-10 01:00,0.322130471786927
2025-03-10 02:00,0.6987121941572944
2025-03-10 03:00,0.11851569915569463
2025-03-10 04:00,2.791216413377141
2025-03-10 05:00,2.169771796362978
2025-03-10 06:00,3.9322177746427807
2025-03-10 07:00,4.845837049542075
2025-03-10 08:00,0.6125937165820922
2025-03-10 09:00,1.9993772914349286
2025-03-10 10:00,1.8229692880873216
2025-03-10 11:00,2.308972370156897
2025-03-10 12:00,3.071913781783029
2025-03-10 13:00,2.2901584942983457
2025-03-10 14:00,2.5550208096781337
2025-03-10 15:00,3.901811907061908
2025-03-10 16:00,4.514325692791661
2025-03-10 17:00,1.863172646895364
2025-03-10 18:00,2.762188228924871
2025-03-10 19:00,1.9101726695466053
2025-03-10 20:00,0.551456756150523
2025-03-10 21:00,0.3467566424002397
2025-03-10 22:00,0.31650059931927976
2025-03-10 23:00,0.1701088610092904
2025-03-11 00:00,0.5313824747313518
2025-03-11 01:00,1.244353124345954
2025-03-11 02:00,2.8668243396696003
2025-03-11 03:00,5.316334593151853
2025-03-11 04:00,3.9953250296900884
2025-03-11 05:00,1.4751465662190848
2025-03-11 06:00,7.084534617445236
2025-03-11 07:00,7.7018097377909935
2025-03-11 08:00,2.422231450856626
2025-03-11 09:00,1.694611549439012
2025-03-11 10:00,0.4519247445513204
2025-03-11 11:00,0.49161938869758826
2025-03-11 12:00,0.42138566551986145
2025-03-11 13:00,0.12502248940764302
2025-03-11 14:00,0.28621186259783576
2025-03-11 15:00,2.106692671244753
2025-03-11 16:00,2.371197771561962
2025-03-11 17:00,3.7546370590072207
2025-03-11 18:00,2.2428776753082653
2025-03-11 19:00,4.133491478880731
2025-03-11 20:00,3.808217851161152
2025-03-11 21:00,1.477766237302414
2025-03-11 22:00,3.6257223546335187
2025-03-11 23:00,1.7138174711571834
2025-03-12 00:00,0.9992522960366161
2025-03-12 01:00,4.648552716733304
2025-03-12 02:00,5.113594197575826
2025-03-12 03:00,2.856330732576837
2025-03-12 04:00,3.696806701088027
2025-03-12 05:00,3.260405150265908
2025-03-12 06:00,2.464495416121893
2025-03-12 07:00,0.5803285969598693
2025-03-12 08:00,1.094230835787934
2025-03-12 09:00,2.0405770582899425
2025-03-12 10:00,1.9556051076612446
2025-03-12 11:00,1.3115654765115003
2025-03-12 12:00,2.964972798773665
2025-03-12 13:00,2.799672726673508
2025-03-12 14:00,4.468378344509704
2025-03-12 15:00,6.168189803629005
2025-03-12 16:00,4.818850215612972
2025-03-12 17:00,8.421273918157002
2025-03-12 18:00,4.587346963469205
2025-03-12 19:00,3.755385813709686
2025-03-12 20:00,9.616235701067545
2025-03-12 21:00,13.217530776471172
2025-03-12 22:00,9.671185051660203
2025-03-12 23:00,11.719212073773665
2025-03-13 00:00,12.902789961797591
2025-03-13 01:00,14.03238637111852
2025-03-13 02:00,17.122289750719915
2025-03-13 03:00,15.84131094141622
2025-03-13 04:00,14.022542150963778
2025-03-13 05:00,17.510547792303697
2025-03-13 06:00,19.3271995101906
2025-03-13 07:00,20.184152749734437
2025-03-13 08:00,21.13696263142962
2025-03-13 09:00,20.493240020858185
2025-03-13 10:00,21.772212724306364
2025-03-13 11:00,23.513290149039626
2025-03-13 12:00,29.57459094400502
2025-03-13 13:00,31.60105034133059
2025-03-13 14:00,32.060499805022836
2025-03-13 15:00,36.78631823065413
2025-03-13 16:00,37.390241554829444
2025-03-13 17:00,37.34082794318873
2025-03-13 18:00,38.2905715303245
2025-03-13 19:00,34.60414264072506
2025-03-13 20:00,30.265204342732183
2025-03-13 21:00,25.0680976079487
2025-03-13 22:00,21.867253659152453
2025-03-13 23:00,9.997999172604432
2025-03-14 00:00,7.649263863271899
2025-03-14 01:00,4.199382533512026
2025-03-14 02:00,6.174928807674922
2025-03-14 03:00,8.208522123355378
2025-03-14 04:00,12.577299510101327
2025-03-14 05:00,10.291643039451582
2025-03-14 06:00,10.29115761193454
2025-03-14 07:00,11.007831485150778
2025-03-14 08:00,6.9927061523919
2025-03-14 09:00,7.238994833398861
2025-03-14 10:00,6.533577737429556
2025-03-14 11:00,6.489438134968648
2025-03-14 12:00,6.119625285069585
2025-03-14 13:00,6.090440536770293
2025-03-14 14:00,7.994792075224238
2025-03-14 15:00,9.917849346920885
2025-03-14 16:00,13.855912163995963
2025-03-14 17:00,13.645020208558199
2025-03-14 18:00,13.152657647150164
2025-03-14 19:00,12.772371898615972
2025-03-14 20:00,15.088739327717594
2025-03-14 21:00,12.249227959072588
2025-03-14 22:00,7.7623494237863175
2025-03-14 23:00,6.117569351290108
2025-03-15 00:00,7.831702504421646
2025-03-15 01:00,12.22337259758266
2025-03-15 02:00,8.59624148280095
2025-03-15 03:00,7.985287066366165
2025-03-15 04:00,7.929744325515335
2025-03-15 05:00,10.802238549134762
2025-03-15 06:00,21.39715177884272
2025-03-15 07:00,21.516523153950484
2025-03-15 08:00,25.085767820114
2025-03-15 09:00,23.113052167222868
2025-03-15 10:00,19.23276389019068
2025-03-15 11:00,12.891301104582734
2025-03-15 12:00,10.439923716763928
2025-03-15 13:00,15.624130511309712
2025-03-15 14:00,12.863702138272782
2025-03-15 15:00,12.210404693913159
2025-03-15 16:00,8.894981420486383
2025-03-15 17:00,6.680696404304386
2025-03-15 18:00,10.138755822453795
2025-03-15 19:00,9.060921820225502
2025-03-15 20:00,6.445993231790254
2025-03-15 21:00,9.889035525720221
2025-03-15 22:00,10.51500914479352
2025-03-15 23:00,9.03979600666209
2025-03-16 00:00,10.310633568276156
2025-03-16 01:00,10.387759335129386
2025-03-16 02:00,8.784511112456602
2025-03-16 03:00,9.443935272016382
2025-03-16 04:00,7.466405739418838
2025-03-16 05:00,9.647805335926936
2025-03-16 06:00,10.734916169620984
2025-03-16 07:00,12.660903867254575
2025-03-16 08:00,9.019624448733541
2025-03-16 09:00,18.39979559649327
2025-03-16 10:00,22.784599106444656
2025-03-16 11:00,30.463521604694222
2025-03-16 12:00,36.05585796182888
2025-03-16 13:00,48.94643863032656
2025-03-16 14:00,53.195194200267
2025-03-16 15:00,54.71095253948782
2025-03-16 16:00,54.68812077080794
2025-03-16 17:00,52.545921567747435
2025-03-16 18:00,51.93410481286708
2025-03-16 19:00,51.827048598030984
2025-03-16 20:00,52.922183306753894
2025-03-16 21:00,54.247806063485626
2025-03-16 22:00,54.919048003170104
2025-03-16 23:00,53.860684941118656
2025-03-17 00:00,53.24871736261491
2025-03-17 01:00,53.49789206069893
2025-03-17 02:00,53.38095804170679
2025-03-17 03:00,53.61900621398864
2025-03-17 04:00,51.76017146662373
2025-03-17 05:00,51.78237902748937
2025-03-17 06:00,50.67522304531123
2025-03-17 07:00,49.33411870911044
2025-03-17 08:00,46.562628072813176
2025-03-17 09:00,40.22647930925348
2025-03-17 10:00,35.9908564191542
2025-03-17 11:00,26.21348132661948
2025-03-17 12:00,28.355721198142845
2025-03-17 13:00,27.71120185353251
2025-03-17 14:00,22.848518999012605
2025-03-17 15:00,19.352351731106182
2025-03-17 16:00,11.402865360676456
2025-03-17 17:00,6.571747709221453
2025-03-17 18:00,3.6126260340770306
2025-03-17 19:00,9.37559472060401
2025-03-17 20:00,13.024611415980472
2025-03-17 21:00,17.769752062255932
2025-03-17 22:00,29.00969675246565
2025-03-17 23:00,25.383450271925206
2025-03-18 00:00,30.198075707029076
2025-03-18 01:00,38.75939736847336
2025-03-18 02:00,33.00175906727483
2025-03-18 03:00,45.541371479700516
2025-03-18 04:00,42.130835609976344
2025-03-18 05:00,48.51959347594056
2025-03-18 06:00,51.00876885234129
2025-03-18 07:00,55.15039471341612
2025-03-18 08:00,55.07162341355457
2025-03-18 09:00,55.05049682588609
2025-03-18 10:00,52.644982612083155
2025-03-18 11:00,53.778568086126796
2025-03-18 12:00,54.23291600559209
2025-03-18 13:00,54.14372593709437
2025-03-18 14:00,54.90377001064757
2025-03-18 15:00,53.27989383172448
2025-03-18 16:00,54.26794368091303
2025-03-18 17:00,53.17377156294823
2025-03-18 18:00,51.32745787639843
2025-03-18 19:00,50.5183115379466
2025-03-18 20:00,49.92166372948979
2025-03-18 21:00,49.074503022545684
2025-03-18 22:00,39.05754607474353
2025-03-18 23:00,39.2845103551868
2025-03-19 00:00,39.29577101254767
2025-03-19 01:00,26.460473743041064
2025-03-19 02:00,25.081145483457526
2025-03-19 03:00,18.323972522253456
2025-03-19 04:00,13.811454405463568
2025-03-19 05:00,7.681740391682886
2025-03-19 06:00,8.257208122924105
2025-03-19 07:00,11.46857452162628
2025-03-19 08:00,14.636507507590139
2025-03-19 09:00,14.021490940917525
2025-03-19 10:00,14.416818853718947
2025-03-19 11:00,11.833730679130078
2025-03-19 12:00,13.274982314770766
2025-03-19 13:00,16.871043076166956
2025-03-19 14:00,17.849095815929132
2025-03-19 15:00,13.012015999751068
2025-03-19 16:00,8.086167313356192
2025-03-19 17:00,6.77670735481579
2025-03-19 18:00,6.090137211440624
2025-03-19 19:00,9.20317354923729
2025-03-19 20:00,2.8679500855062616
2025-03-19 21:00,1.785146156128031
2025-03-19 22:00,3.8774799179629955
2025-03-19 23:00,4.340451625550345
2025-03-20 00:00,8.064990595188615
2025-03-20 01:00,10.251630024742603
2025-03-20 02:00,15.83288767612029
2025-03-20 03:00,20.866448017044696
2025-03-20 04:00,25.300269607212716
2025-03-20 05:00,24.410049804620115
2025-03-20 06:00,34.37485905605313
2025-03-20 07:00,42.55957748109657
2025-03-20 08:00,42.10854719575497
2025-03-20 09:00,41.24120730910339
2025-03-20 10:00,43.30037442241752
2025-03-20 11:00,46.84201646526941
2025-03-20 12:00,49.797916305900884
2025-03-20 13:00,51.324565464520205
2025-03-20 14:00,42.359410264042815
2025-03-20 15:00,36.95044458246879
2025-03-20 16:00,33.016814898532004
2025-03-20 17:00,33.03671963132508
2025-03-20 18:00,36.34246213349532
2025-03-20 19:00,38.56625167418565
2025-03-20 20:00,35.61499594626565
2025-03-20 21:00,31.221970815319892
2025-03-20 22:00,30.548162274863223
2025-03-20 23:00,28.850584782344335
2025-03-21 00:00,31.8849785284241
2025-03-21 01:00,30.367187689429898
2025-03-21 02:00,29.223417532537816
2025-03-21 03:00,32.12426967620307
2025-03-21 04:00,34.446536157894144
2025-03-21 05:00,34.331170350580976
2025-03-21 06:00,36.810093318402295
2025-03-21 07:00,34.73138943495317
2025-03-21 08:00,32.02927616027961
2025-03-21 09:00,33.20833819003414
2025-03-21 10:00,28.761638130593184
2025-03-21 11:00,26.171349589923903
2025-03-21 12:00,22.952684169229748
2025-03-21 13:00,19.26066682025968
2025-03-21 14:00,17.804912764222898
2025-03-21 15:00,17.845279620929926
2025-03-21 16:00,16.820567305240743
2025-03-21 17:00,8.602122893634064
2025-03-21 18:00,8.980215885376857
2025-03-21 19:00,8.642888075831863
2025-03-21 20:00,15.850939068377542
2025-03-21 21:00,20.563429515527705
2025-03-21 22:00,21.145792452261432
2025-03-21 23:00,27.762727345531065
2025-03-22 00:00,28.901929400704095
2025-03-22 01:00,28.860526607974855
2025-03-22 02:00,29.781871475957942
2025-03-22 03:00,31.993735217400058
2025-03-22 04:00,32.23729668805903
2025-03-22 05:00,28.101312794745528
2025-03-22 06:00,30.344628750636076
2025-03-22 07:00,30.517841339646253
2025-03-22 08:00,33.59253341386858
2025-03-22 09:00,31.737500960797945
2025-03-22 10:00,29.777045609836563
2025-03-22 11:00,25.661507951034828
2025-03-22 12:00,30.14891205258717
2025-03-22 13:00,30.47560930980909
2025-03-22 14:00,30.91760596850554
2025-03-22 15:00,28.196321231748243
2025-03-22 16:00,24.5711462496647
2025-03-22 17:00,24.5716242486274
2025-03-22 18:00,18.56928660396438
2025-03-22 19:00,22.252596887958386
2025-03-22 20:00,23.81163798263403
2025-03-22 21:00,26.26525738910722
2025-03-22 22:00,24.35589225512244
2025-03-22 23:00,23.79025664482756
2025-03-23 00:00,28.099213703965674
2025-03-23 01:00,29.81220764548189
2025-03-23 02:00,27.281223623624477
2025-03-23 03:00,26.761047273399257
2025-03-23 04:00,24.758023573426744
2025-03-23 05:00,22.95343902192686
2025-03-23 06:00,23.759734221524155
2025-03-23 07:00,22.467130341156768
2025-03-23 08:00,21.90168029628383
2025-03-23 09:00,27.78178766136071
2025-03-23 10:00,22.705902834177778
2025-03-23 11:00,17.275305102107914
2025-03-23 12:00,16.279893737011474
2025-03-23 13:00,18.621252922468734
2025-03-23 14:00,11.675638623560705
2025-03-23 15:00,19.455572625271692
2025-03-23 16:00,18.94596118666962
2025-03-23 17:00,20.610420850957155
2025-03-23 18:00,18.214279404237903
2025-03-23 19:00,17.928575284198917
2025-03-23 20:00,16.719693677724372
2025-03-23 21:00,17.507936031472358
2025-03-23 22:00,17.796592930243634
2025-03-23 23:00,22.719264678345745
2025-03-24 00:00,25.09129476264721
2025-03-24 01:00,30.44522994421922
2025-03-24 02:00,38.24660596213052
2025-03-24 03:00,38.17438917127229
2025-03-24 04:00,40.244971604199094
2025-03-24 05:00,46.02768387049825
2025-03-24 06:00,51.83907135893729
2025-03-24 07:00,54.850454035009925
2025-03-24 08:00,55.97148288054687
2025-03-24 09:00,58.77840529146064
2025-03-24 10:00,56.215124777154614
2025-03-24 11:00,55.33064066769656
2025-03-24 12:00,54.095518649148104
2025-03-24 13:00,53.93453054087557
2025-03-24 14:00,51.256141739205304
2025-03-24 15:00,48.065574469762964
2025-03-24 16:00,47.50180347556487
2025-03-24 17:00,46.192995328197114
2025-03-24 18:00,47.97676389579158
2025-03-24 19:00,45.53683779994452
2025-03-24 20:00,41.77975647336568
2025-03-24 21:00,30.339851305623803
2025-03-24 22:00,25.521976834382865
2025-03-24 23:00,24.189166785992505
2025-03-25 00:00,21.752466585911492
2025-03-25 01:00,13.369298795879466
2025-03-25 02:00,14.580234310751791
2025-03-25 03:00,9.6787234594135
2025-03-25 04:00,7.301995042691932
2025-03-25 05:00,8.551223624536009
2025-03-25 06:00,14.06319145738086
2025-03-25 07:00,16.51226474603377
2025-03-25 08:00,27.759616394467628
2025-03-25 09:00,41.51221173615057
2025-03-25 10:00,40.92880937841909
2025-03-25 11:00,46.222088006509395
2025-03-25 12:00,51.78931046446917
2025-03-25 13:00,49.66037389395474
2025-03-25 14:00,52.1806597206838
2025-03-25 15:00,52.90082737588068
2025-03-25 16:00,46.53011817884119
2025-03-25 17:00,43.72724385767139
2025-03-25 18:00,37.81021704423307
2025-03-25 19:00,25.9288977994755
2025-03-25 20:00,17.61001253790677
2025-03-25 21:00,13.962309436893904
2025-03-25 22:00,3.763232167646069
2025-03-25 23:00,2.736794836682913
2025-03-26 00:00,2.700980564397539
2025-03-26 01:00,2.1898555091951213
2025-03-26 02:00,1.7105355442638968
2025-03-26 03:00,0.6020546354741448
2025-03-26 04:00,1.4015095327173834
2025-03-26 05:00,1.1158174506018401
2025-03-26 06:00,1.8398264921393102
2025-03-26 07:00,3.52682774341129
2025-03-26 08:00,2.460099259257331
2025-03-26 09:00,2.366200264903155
2025-03-26 10:00,6.252712133475086
2025-03-26 11:00,4.95085346414724
2025-03-26 12:00,5.433386953488953
2025-03-26 13:00,8.327814922382458
2025-03-26 14:00,3.117901733659145
2025-03-26 15:00,8.095950714471096
2025-03-26 16:00,8.224713990126798
2025-03-26 17:00,10.260518638489275
2025-03-26 18:00,15.83022725051492
2025-03-26 19:00,33.614684991750245
2025-03-26 20:00,44.521431584802876
2025-03-26 21:00,51.765881111717235
2025-03-26 22:00,55.771333501499534
2025-03-26 23:00,57.2485695600223
2025-03-27 00:00,59.56868526007853
2025-03-27 01:00,55.65162800233243
2025-03-27 02:00,55.09173938627789
2025-03-27 03:00,52.10099070486638
2025-03-27 04:00,52.320126265920045
2025-03-27 05:00,54.34070028454074
2025-03-27 06:00,51.246782152147254
2025-03-27 07:00,49.9513086930813
2025-03-27 08:00,43.63294380394569
2025-03-27 09:00,42.259149399381535
2025-03-27 10:00,31.22652334958001
2025-03-27 11:00,31.26057677328633
2025-03-27 12:00,25.892657938287662
2025-03-27 13:00,20.25975833154348
2025-03-27 14:00,36.743536746435254
2025-03-27 15:00,44.02850814607001
2025-03-27 16:00,35.91752586115115
2025-03-27 17:00,37.34605120559878
2025-03-27 18:00,37.38893270581754
2025-03-27 19:00,36.814034711744
2025-03-27 20:00,34.89287673141986
2025-03-27 21:00,39.76888039199628
2025-03-27 22:00,39.05923378128389
2025-03-27 23:00,33.915753364707314
2025-03-28 00:00,37.9067971844196
2025-03-28 01:00,44.11163539747497
2025-03-28 02:00,46.73820734477442
2025-03-28 03:00,46.0587668836762
2025-03-28 04:00,47.75016808898484
2025-03-28 05:00,47.91176001110566
2025-03-28 06:00,47.11222165219027
2025-03-28 07:00,48.841763425057565
2025-03-28 08:00,52.56741927436133
2025-03-28 09:00,54.755503954836875
2025-03-28 10:00,54.89005235804146
2025-03-28 11:00,52.807063489781285
2025-03-28 12:00,52.849895799468726
2025-03-28 13:00,53.600646108886686
2025-03-28 14:00,53.87301822750655
2025-03-28 15:00,52.90964244868232
2025-03-28 16:00,54.150374156380586
2025-03-28 17:00,55.55022401283644
2025-03-28 18:00,53.93114950304647
2025-03-28 19:00,52.50229885425797
2025-03-28 20:00,52.14369517135013
2025-03-28 21:00,43.69593312096326
2025-03-28 22:00,37.36743018823104
2025-03-28 23:00,30.495183493280024
2025-03-29 00:00,24.150947913478916
2025-03-29 01:00,16.58583378104899
2025-03-29 02:00,11.004311132066519
2025-03-29 03:00,10.431223832543367
2025-03-29 04:00,7.76581462729032
2025-03-29 05:00,15.467984886585652
2025-03-29 06:00,15.163951788191216
2025-03-29 07:00,11.749418105302777
2025-03-29 08:00,12.929797182213798
2025-03-29 09:00,11.12916351753859
2025-03-29 10:00,10.648538777406847
2025-03-29 11:00,15.324975336982671
2025-03-29 12:00,16.007125867024673
2025-03-29 13:00,28.394345783674297
2025-03-29 14:00,39.58381638777617
2025-03-29 15:00,48.08663111879686
2025-03-29 16:00,50.100421219472125
2025-03-29 17:00,50.63501903040918
2025-03-29 18:00,50.01317568532371
2025-03-29 19:00,42.020808601820335
2025-03-29 20:00,43.00696207281646
2025-03-29 21:00,40.40644346175993
2025-03-29 22:00,35.94747955238356
2025-03-29 23:00,24.893803474611573
2025-03-30 00:00,17.458222020157905
2025-03-30 01:00,13.619021394505886
2025-03-30 02:00,7.3147668334857485
2025-03-30 03:00,2.591553254377236
2025-03-30 04:00,4.220966002602173
2025-03-30 05:00,7.432817557612277
2025-03-30 06:00,13.351118545149014
2025-03-30 07:00,19.533351414545265
2025-03-30 08:00,15.129612107616897
2025-03-30 09:00,18.589392667440777
2025-03-30 10:00,11.407891428493505
2025-03-30 11:00,16.498390021897325
2025-03-30 12:00,12.592921530548029
2025-03-30 13:00,13.130560753975
2025-03-30 14:00,11.830855608961024
2025-03-30 15:00,12.32541938823328
2025-03-30 16:00,11.351366827658657
2025-03-30 17:00,11.734193598493338
2025-03-30 18:00,11.533515282722345
2025-03-30 19:00,9.922942064633778
2025-03-30 20:00,7.1219237429838
2025-03-30 21:00,4.742021602058376
2025-03-30 22:00,6.098466556779279
2025-03-30 23:00,3.5756572220546383
2025-03-31 00:00,0.9426221872033496
2025-03-31 01:00,1.7216946753952347
2025-03-31 02:00,3.131831479444556
2025-03-31 03:00,5.596115064840474
2025-03-31 04:00,5.611305860194179
2025-03-31 05:00,5.4137953782173796
2025-03-31 06:00,5.98338843738363
2025-03-31 07:00,4.129881081361065
2025-03-31 08:00,7.193391723865867
2025-03-31 09:00,9.086767057450476
2025-03-31 10:00,4.63404509919123
2025-03-31 11:00,3.254284415373506
2025-03-31 12:00,2.287757603726698
2025-03-31 13:00,2.9339964273463996
2025-03-31 14:00,2.0029578644661044
2025-03-31 15:00,3.3182618523696394
2025-03-31 16:00,4.670858118235676
2025-03-31 17:00,4.34618661494627
2025-03-31 18:00,1.4337450158307476
2025-03-31 19:00,4.279748587281318
2025-03-31 20:00,4.492338494674924
2025-03-31 21:00,1.9727554142772918
2025-03-31 22:00,1.4097824170083646
2025-03-31 23:00,1.9086276596678444
2025-04-01 00:00,1.4035456051566797
2025-04-01 01:00,1.6391578099253037
2025-04-01 02:00,2.031387504235598
2025-04-01 03:00,1.3496201290734435
2025-04-01 04:00,2.093570224297035
2025-04-01 05:00,3.0910271821710307
2025-04-01 06:00,3.0917458917987704
2025-04-01 07:00,0.16583799085857703
2025-04-01 08:00,0.05616289104137582
2025-04-01 09:00,1.2016667173375764
2025-04-01 10:00,0.9556332508917919
2025-04-01 11:00,3.7179414632855536
2025-04-01 12:00,2.999865484878355
2025-04-01 13:00,4.14808039356909
2025-04-01 14:00,4.3416382382096215
2025-04-01 15:00,8.095168611836291
2025-04-01 16:00,8.075864595764521
2025-04-01 17:00,8.287157644093357
2025-04-01 18:00,5.971024952163351
2025-04-01 19:00,6.129687896736271
2025-04-01 20:00,3.9435619747903345
2025-04-01 21:00,2.9887995890468684
2025-04-01 22:00,1.1694089887601362
2025-04-01 23:00,0.2229337061568762
2025-04-02 00:00,0.5803204461679696
2025-04-02 01:00,0.0021813015450951865
2025-04-02 02:00,0.7097395179223119
2025-04-02 03:00,1.9950855288407663
2025-04-02 04:00,2.2959621174863916
2025-04-02 05:00,0.8521334865531456
2025-04-02 06:00,2.6210881195339475
2025-04-02 07:00,2.46118143591472
2025-04-02 08:00,1.6934518086939572
2025-04-02 09:00,5.012400113525068
2025-04-02 10:00,7.751771536142554
2025-04-02 11:00,7.817858107420249
2025-04-02 12:00,7.813256776505264
2025-04-02 13:00,4.722500945843023
2025-04-02 14:00,8.85203808692856
2025-04-02 15:00,11.708079334754714
2025-04-02 16:00,18.758163191773676
2025-04-02 17:00,20.362507204490342
2025-04-02 18:00,14.626355136070462
2025-04-02 19:00,8.440957380683773
2025-04-02 20:00,12.842960391613852
2025-04-02 21:00,7.33436082529967
2025-04-02 22:00,8.92765330090872
2025-04-02 23:00,3.17479681771524
2025-04-03 00:00,6.696194570776161
2025-04-03 01:00,8.829937829670392
2025-04-03 02:00,9.559818748020845
2025-04-03 03:00,10.379420128822698
2025-04-03 04:00,8.02920336492204
2025-04-03 05:00,4.29036079346594
2025-04-03 06:00,5.164240422710476
2025-04-03 07:00,4.475504894619152
2025-04-03 08:00,2.546270325965881
2025-04-03 09:00,1.5077656496865268
2025-04-03 10:00,1.496677291368445
2025-04-03 11:00,1.4030526397454637
2025-04-03 12:00,3.4373388814362373
2025-04-03 13:00,8.552142733750777
2025-04-03 14:00,11.75111828483315
2025-04-03 15:00,11.58390891091785
2025-04-03 16:00,14.374991514055598
2025-04-03 17:00,14.512033477348368
2025-04-03 18:00,14.753786293119814
2025-04-03 19:00,12.597356987156953
2025-04-03 20:00,4.045699206677718
2025-04-03 21:00,0.7652678270698205
2025-04-03 22:00,0.19844289188173067
2025-04-03 23:00,0.0
2025-04-04 00:00,0.5863642891969645
2025-04-04 01:00,1.0393544284855902
2025-04-04 02:00,0.8009374809604073
2025-04-04 03:00,0.6706348977460184
2025-04-04 04:00,1.3154001158724218
2025-04-04 05:00,0.5079181492826862
2025-04-04 06:00,0.6112944435624685
2025-04-04 07:00,0.3889580138874785
2025-04-04 08:00,0.9687414319155441
2025-04-04 09:00,1.7128378618649507
2025-04-04 10:00,3.4003121608678226
2025-04-04 11:00,12.75174412327929
2025-04-04 12:00,11.600696054633316
2025-04-04 13:00,11.251939374709961
2025-04-04 14:00,14.893141609691563
2025-04-04 15:00,12.678167013867181
2025-04-04 16:00,11.39621647474965
2025-04-04 17:00,4.359412143906232
2025-04-04 18:00,5.246638766213195
2025-04-04 19:00,4.723427834411687
2025-04-04 20:00,2.1431638520893728
2025-04-04 21:00,2.09150931966959
2025-04-04 22:00,2.9050917349194734
2025-04-04 23:00,2.5602851950816916
2025-04-05 00:00,2.761152448094559
2025-04-05 01:00,1.9365622480900186
2025-04-05 02:00,4.073317040183165
2025-04-05 03:00,3.6226111858958383
2025-04-05 04:00,2.94889640859427
2025-04-05 05:00,11.431570702526926
2025-04-05 06:00,16.978267933776543
2025-04-05 07:00,23.739228803522984
2025-04-05 08:00,25.34049790971835
2025-04-05 09:00,42.584088263536806
2025-04-05 10:00,43.29959187217075
2025-04-05 11:00,46.75252801897679
2025-04-05 12:00,44.41009446299217
2025-04-05 13:00,41.955083302209914
2025-04-05 14:00,41.82410101786209
2025-04-05 15:00,43.35733337422421
2025-04-05 16:00,40.87554274650158
2025-04-05 17:00,37.73124567146296
2025-04-05 18:00,22.662194759369957
2025-04-05 19:00,12.270350377044121
2025-04-05 20:00,13.56469370043057
2025-04-05 21:00,14.690522470541698
2025-04-05 22:00,16.647712250557063
2025-04-05 23:00,21.85403253233644
2025-04-06 00:00,12.769406131123937
2025-04-06 01:00,11.193559697271626
2025-04-06 02:00,7.675793498213802
2025-04-06 03:00,5.1128657114036695
2025-04-06 04:00,3.7422140513572555
2025-04-06 05:00,4.047168460932076
2025-04-06 06:00,2.937386124159127
2025-04-06 07:00,6.710945576585173
2025-04-06 08:00,9.693199831044431
2025-04-06 09:00,13.01339208941361
2025-04-06 10:00,10.576546124388532
2025-04-06 11:00,13.453536895395771
2025-04-06 12:00,24.417860858911702
2025-04-06 13:00,28.085280273823862
2025-04-06 14:00,27.00672153494497
2025-04-06 15:00,28.236667589587217
2025-04-06 16:00,25.886667309534484
2025-04-06 17:00,18.493908542969454
2025-04-06 18:00,13.896707709488851
2025-04-06 19:00,12.306595915075906
2025-04-06 20:00,12.19630513549024
2025-04-06 21:00,8.022809647301433
2025-04-06 22:00,4.46219800804204
2025-04-06 23:00,4.911019625102687
2025-04-07 00:00,5.771104936083521
2025-04-07 01:00,5.250358329468848
2025-04-07 02:00,4.6445825516028645
2025-04-07 03:00,3.5220562804307356
2025-04-07 04:00,5.45571763341346
2025-04-07 05:00,4.397150163592112
2025-04-07 06:00,6.3105083091806
2025-04-07 07:00,10.174414602253831
2025-04-07 08:00,13.0468269988643
2025-04-07 09:00,17.807536695694687
2025-04-07 10:00,24.14148014526223
2025-04-07 11:00,30.723686439395806
2025-04-07 12:00,38.27986070346567
2025-04-07 13:00,39.76680071427831
2025-04-07 14:00,38.008453565620464
2025-04-07 15:00,38.00556963776981
2025-04-07 16:00,40.74555445283968
2025-04-07 17:00,44.42104521226803
2025-04-07 18:00,51.388640487816744
2025-04-07 19:00,49.07173164929632
2025-04-07 20:00,51.058368441411844
2025-04-07 21:00,52.81010555491161
2025-04-07 22:00,54.374479731900124
2025-04-07 23:00,54.90235642190608
2025-04-08 00:00,56.3005998982314
2025-04-08 01:00,53.627559264661286
2025-04-08 02:00,52.272897419546474
2025-04-08 03:00,49.67399471947069
2025-04-08 04:00,41.0674356367174
2025-04-08 05:00,45.950238417792676
2025-04-08 06:00,45.225398432992094
2025-04-08 07:00,41.5570043248049
2025-04-08 08:00,36.487441952066334
2025-04-08 09:00,28.717023678416155
2025-04-08 10:00,20.30947388259878
2025-04-08 11:00,15.48819817862705
2025-04-08 12:00,12.659364427709958
2025-04-08 13:00,14.15246884882314
2025-04-08 14:00,10.370878410613178
2025-04-08 15:00,9.295327076452097
2025-04-08 16:00,7.769770527828008
2025-04-08 17:00,8.279627722272608
2025-04-08 18:00,8.174236913846805
2025-04-08 19:00,4.2755105373758
2025-04-08 20:00,3.200118103639742
2025-04-08 21:00,2.14074355268727
2025-04-08 22:00,3.47967528929321
2025-04-08 23:00,0.6253650052137049
2025-04-09 00:00,1.0090132441445006
2025-04-09 01:00,0.34880098198742604
2025-04-09 02:00,0.3120789530942769
2025-04-09 03:00,0.2188189731635971
2025-04-09 04:00,0.3621636420452009
2025-04-09 05:00,0.3021203037977132
2025-04-09 06:00,1.840960756964781
2025-04-09 07:00,0.9323268981314468
2025-04-09 08:00,1.6317657151290221
2025-04-09 09:00,2.5964964396782184
2025-04-09 10:00,2.42987030927134
2025-04-09 11:00,3.345424529659421
2025-04-09 12:00,11.509814434744161
2025-04-09 13:00,8.584917214507305
2025-04-09 14:00,8.253012923496353
2025-04-09 15:00,11.306199542876149
2025-04-09 16:00,6.762065014240831
2025-04-09 17:00,17.20800333258758
2025-04-09 18:00,9.304968311146313
2025-04-09 19:00,5.261394321827915
2025-04-09 20:00,1.8626572049869916
2025-04-09 21:00,1.220214971141403
2025-04-09 22:00,2.2278085905532796
2025-04-09 23:00,2.5348080900920125
2025-04-10 00:00,1.5739110412707467
2025-04-10 01:00,1.2934222501881976
2025-04-10 02:00,0.674589633249634
2025-04-10 03:00,0.25181673505669244
2025-04-10 04:00,1.1197549672809963
2025-04-10 05:00,2.2320243514926528
2025-04-10 06:00,2.1641173457831266
2025-04-10 07:00,1.4478995585287984
2025-04-10 08:00,0.4479350627425703
2025-04-10 09:00,1.145057202214646
2025-04-10 10:00,0.7352169557580133
2025-04-10 11:00,3.8143945551213596
2025-04-10 12:00,3.607039502804772
2025-04-10 13:00,4.479088203192877
2025-04-10 14:00,5.993453391205298
2025-04-10 15:00,6.217474463472057
2025-04-10 16:00,6.097141812997764
2025-04-10 17:00,2.792733583043897
2025-04-10 18:00,4.057987194105169
2025-04-10 19:00,3.367925541030023
2025-04-10 20:00,1.6195062856165379
2025-04-10 21:00,3.6839730562553
2025-04-10 22:00,4.165938597776411
2025-04-10 23:00,2.912338798429875
2025-04-11 00:00,3.4584123426567444
2025-04-11 01:00,4.360456701403588
2025-04-11 02:00,4.149104964829034
2025-04-11 03:00,2.7697248511124744
2025-04-11 04:00,1.37061352613226
2025-04-11 05:00,0.5884022453043609
2025-04-11 06:00,0.15975760415016294
2025-04-11 07:00,0.04836662733034592
2025-04-11 08:00,0.03638312856525258
2025-04-11 09:00,0.02719601885313859
2025-04-11 10:00,0.018702252059803474
2025-04-11 11:00,0.16489512538130452
2025-04-11 12:00,0.05049806036716477
2025-04-11 13:00,1.2423469450946372
2025-04-11 14:00,1.6463645576321713
2025-04-11 15:00,3.0877996013402202
2025-04-11 16:00,2.7457831826192014
2025-04-11 17:00,1.2292657567525733
2025-04-11 18:00,1.884463094973712
2025-04-11 19:00,2.1026478449528834
2025-04-11 20:00,1.766489819806203
2025-04-11 21:00,5.270979227984255
2025-04-11 22:00,4.819925386327957
2025-04-11 23:00,5.424187873554347
2025-04-12 00:00,11.549655309118467
2025-04-12 01:00,11.417393245780655
2025-04-12 02:00,14.677573512926134
2025-04-12 03:00,23.898804212503173
2025-04-12 04:00,26.639893980721414
2025-04-12 05:00,25.88254996314786
2025-04-12 06:00,38.39262136694988
2025-04-12 07:00,39.51294926503191
2025-04-12 08:00,47.792211463066224
2025-04-12 09:00,47.04022855399565
2025-04-12 10:00,39.01880452098973
2025-04-12 11:00,41.032339764667555
2025-04-12 12:00,46.94663180846709
2025-04-12 13:00,46.94738630515751
2025-04-12 14:00,45.44726834118886
2025-04-12 15:00,47.99262452394889
2025-04-12 16:00,53.205520541874705
2025-04-12 17:00,52.65183620974777
2025-04-12 18:00,54.859749638879066
2025-04-12 19:00,54.839984533878145
2025-04-12 20:00,56.27835765659056
2025-04-12 21:00,52.92590008912874
2025-04-12 22:00,43.105242711416125
2025-04-12 23:00,31.67068737291374
2025-04-13 00:00,36.132672317099605
2025-04-13 01:00,32.844383188631234
2025-04-13 02:00,26.744938830259983
2025-04-13 03:00,22.843742469712943
2025-04-13 04:00,26.6747020096253
2025-04-13 05:00,36.9572488676398
2025-04-13 06:00,45.70979280166745
2025-04-13 07:00,42.87351468009871
2025-04-13 08:00,49.710987546158506
2025-04-13 09:00,51.53734853483911
2025-04-13 10:00,51.23902382542579
2025-04-13 11:00,51.43960383253757
2025-04-13 12:00,52.79702223982167
2025-04-13 13:00,51.50582696300458
2025-04-13 14:00,50.43604858106271
2025-04-13 15:00,45.04574324250261
2025-04-13 16:00,45.843537230164145
2025-04-13 17:00,44.15133771203469
2025-04-13 18:00,33.47156410990474
2025-04-13 19:00,37.29059404547394
2025-04-13 20:00,42.72125245567654
2025-04-13 21:00,38.916505295138684
2025-04-13 22:00,35.07385238559563
2025-04-13 23:00,41.4102224854259
2025-04-14 00:00,45.60609825637914
2025-04-14 01:00,51.47456868690635
2025-04-14 02:00,51.03167305244473
2025-04-14 03:00,48.83276166424275
2025-04-14 04:00,42.71383668756778
2025-04-14 05:00,41.98740363970545
2025-04-14 06:00,40.554631161995005
2025-04-14 07:00,42.91179871064713
2025-04-14 08:00,40.77299462201954
2025-04-14 09:00,31.994758103903
2025-04-14 10:00,25.397222233615665
2025-04-14 11:00,29.755289679798416
2025-04-14 12:00,32.9460350702063
2025-04-14 13:00,32.29658511036094
2025-04-14 14:00,26.71876410329938
2025-04-14 15:00,30.785874295533866
2025-04-14 16:00,29.573802184941062
2025-04-14 17:00,42.6923615843195
2025-04-14 18:00,40.91855023188213
2025-04-14 19:00,44.79289745759604
2025-04-14 20:00,47.44920004883559
2025-04-14 21:00,45.73324324148953
2025-04-14 22:00,48.02102114860875
2025-04-14 23:00,45.35066847884426
2025-04-15 00:00,49.387747999148
2025-04-15 01:00,46.033852124384644
2025-04-15 02:00,41.98085493596072
2025-04-15 03:00,37.91263706798793
2025-04-15 04:00,35.48704222131356
2025-04-15 05:00,36.525227636158185
2025-04-15 06:00,33.42216426722706
2025-04-15 07:00,35.62900469043432
2025-04-15 08:00,38.19264284730539
2025-04-15 09:00,41.36523321599672
2025-04-15 10:00,36.0059024335401
2025-04-15 11:00,39.11549102786016
2025-04-15 12:00,39.39207234877761
2025-04-15 13:00,37.761855822020465
2025-04-15 14:00,38.29731200782675
2025-04-15 15:00,30.279219235525005
2025-04-15 16:00,23.801565121869793
2025-04-15 17:00,17.898739465717398
2025-04-15 18:00,11.05069434402641
2025-04-15 19:00,8.605498852109063
2025-04-15 20:00,8.003652590362426
2025-04-15 21:00,7.104598044895719
2025-04-15 22:00,5.163780580811965
2025-04-15 23:00,6.736754990043335
2025-04-16 00:00,5.867672829929407
2025-04-16 01:00,6.160595782064607
2025-04-16 02:00,6.40900721629629
2025-04-16 03:00,10.45858460328939
2025-04-16 04:00,9.191046604662528
2025-04-16 05:00,9.354455215615658
2025-04-16 06:00,14.478397940475736
2025-04-16 07:00,28.154948368604
2025-04-16 08:00,31.656828666476766
2025-04-16 09:00,40.854686967938484
2025-04-16 10:00,43.44708650734285
2025-04-16 11:00,43.19994532733226
2025-04-16 12:00,46.16263098782461
2025-04-16 13:00,50.09299326482203
2025-04-16 14:00,44.329744886013835
2025-04-16 15:00,45.2874861412781
2025-04-16 16:00,48.48527743446083
2025-04-16 17:00,48.138115806168784
2025-04-16 18:00,49.23095808564666
2025-04-16 19:00,48.57928296195685
2025-04-16 20:00,49.97282136269315
2025-04-16 21:00,52.56714925984876
2025-04-16 22:00,53.563957647875306
2025-04-16 23:00,52.826850379257586
2025-04-17 00:00,53.690840126073674
2025-04-17 01:00,53.447445899054884
2025-04-17 02:00,51.5831247660837
2025-04-17 03:00,54.613797221670204
2025-04-17 04:00,54.32782826231205
2025-04-17 05:00,54.575429674961825
2025-04-17 06:00,55.25105419254865
2025-04-17 07:00,56.109345426284236
2025-04-17 08:00,55.08423499107822
2025-04-17 09:00,52.17700658420937
2025-04-17 10:00,53.390724810419385
2025-04-17 11:00,54.336992452030344
2025-04-17 12:00,53.768171606214544
2025-04-17 13:00,51.15754661740091
2025-04-17 14:00,47.83394933616931
2025-04-17 15:00,46.67352827528397
2025-04-17 16:00,49.22457964975369
2025-04-17 17:00,42.36701114335007
2025-04-17 18:00,41.62431159874583
2025-04-17 19:00,44.05548626728692
2025-04-17 20:00,45.494937875636424
2025-04-17 21:00,46.925840576508236
2025-04-17 22:00,46.041424753559646
2025-04-17 23:00,42.916680944099284
2025-04-18 00:00,47.86923352509899
2025-04-18 01:00,46.14398372142146
2025-04-18 02:00,47.27035565754639
2025-04-18 03:00,49.07109668333585
2025-04-18 04:00,48.47125642185601
2025-04-18 05:00,48.4869143007418
2025-04-18 06:00,50.82480770842618
2025-04-18 07:00,43.27314394157794
2025-04-18 08:00,42.58094914846973
2025-04-18 09:00,36.898429087053614
2025-04-18 10:00,32.96501745889164
2025-04-18 11:00,25.056349468303633
2025-04-18 12:00,20.861227811025934
2025-04-18 13:00,18.438587909404628
2025-04-18 14:00,19.411154273156832
2025-04-18 15:00,18.768674138621634
2025-04-18 16:00,21.578238290942892
2025-04-18 17:00,15.634727384775733
2025-04-18 18:00,13.720139427479474
2025-04-18 19:00,14.944733255587927
2025-04-18 20:00,14.444186504159383
2025-04-18 21:00,18.289578776364078
2025-04-18 22:00,20.570097797603694
2025-04-18 23:00,23.709775468025818
2025-04-19 00:00,28.322939028674945
2025-04-19 01:00,29.436667089936375
2025-04-19 02:00,30.869573118824754
2025-04-19 03:00,34.963758539593115
2025-04-19 04:00,31.840417393447602
2025-04-19 05:00,33.99638735312152
2025-04-19 06:00,35.48720006649768
2025-04-19 07:00,41.259818157308636
2025-04-19 08:00,43.170688752077055
2025-04-19 09:00,49.120298976922456
2025-04-19 10:00,48.792346333131334
2025-04-19 11:00,50.292413642847414
2025-04-19 12:00,52.62246647013016
2025-04-19 13:00,54.186792063573805
2025-04-19 14:00,51.17049529498426
2025-04-19 15:00,53.31264080193977
2025-04-19 16:00,49.83058374027096
2025-04-19 17:00,49.17852589272603
2025-04-19 18:00,44.96440917709147
2025-04-19 19:00,38.83481691263006
2025-04-19 20:00,27.032854991176663
2025-04-19 21:00,15.92744950256456
2025-04-19 22:00,14.404559505497152
2025-04-19 23:00,7.70714096409848
2025-04-20 00:00,4.7462740834707065
2025-04-20 01:00,2.783557940115818
2025-04-20 02:00,4.811769427347354
2025-04-20 03:00,4.335929055877
2025-04-20 04:00,7.618054923177873
2025-04-20 05:00,6.196078539005141
2025-04-20 06:00,8.842193850040397
2025-04-20 07:00,9.526757325195922
2025-04-20 08:00,9.902715417889446
2025-04-20 09:00,9.839231353994297
2025-04-20 10:00,7.494198388700552
2025-04-20 11:00,5.287359113102951
2025-04-20 12:00,4.8736763306806825
2025-04-20 13:00,3.819169648904411
2025-04-20 14:00,4.896989465990979
2025-04-20 15:00,7.463367909358394
2025-04-20 16:00,4.710882184599605
2025-04-20 17:00,4.107354996516621
2025-04-20 18:00,3.213797012892673
2025-04-20 19:00,1.3700186211302805
2025-04-20 20:00,3.9073345644623125
2025-04-20 21:00,0.6350040537231743
2025-04-20 22:00,0.39344212625315134
2025-04-20 23:00,0.5465095515470777
2025-04-21 00:00,0.275497219041045
2025-04-21 01:00,0.024052357744139913
2025-04-21 02:00,0.2591720653430235
2025-04-21 03:00,0.22587847218335694
2025-04-21 04:00,0.3022902815511517
2025-04-21 05:00,1.3572911207344842
2025-04-21 06:00,1.6177464746866814
2025-04-21 07:00,1.4613004749664722
2025-04-21 08:00,1.3266150852481449
2025-04-21 09:00,2.3054631470516425
2025-04-21 10:00,1.3487566540246383
2025-04-21 11:00,1.8859000039885236
2025-04-21 12:00,3.7249590888881903
2025-04-21 13:00,11.083203235524543
2025-04-21 14:00,9.072109122672401
2025-04-21 15:00,4.647242912152271
2025-04-21 16:00,7.234200675177989
2025-04-21 17:00,4.452284392536677
2025-04-21 18:00,1.7734118852051561
2025-04-21 19:00,1.1928432801289781
2025-04-21 20:00,1.8757976434186547
2025-04-21 21:00,1.2220103663998834
2025-04-21 22:00,0.7443003607175847
2025-04-21 23:00,1.7972903971674397
2025-04-22 00:00,0.9888513319464709
2025-04-22 01:00,3.29153219979081
2025-04-22 02:00,7.9830365108447925
2025-04-22 03:00,3.1636790005599655
2025-04-22 04:00,8.271597840612781
2025-04-22 05:00,10.446715828355787
2025-04-22 06:00,20.75913994188324
2025-04-22 07:00,24.397483481836016
2025-04-22 08:00,33.17262330945848
2025-04-22 09:00,38.10150988623117
2025-04-22 10:00,34.46539026105597
2025-04-22 11:00,37.957637447171635
2025-04-22 12:00,39.89540234381337
2025-04-22 13:00,41.441600563105084
2025-04-22 14:00,41.21340036095391
2025-04-22 15:00,42.48241744628661
2025-04-22 16:00,34.96711386416405
2025-04-22 17:00,32.73611637507608
2025-04-22 18:00,27.918588047828376
2025-04-22 19:00,17.391985994934686
2025-04-22 20:00,11.565142068932065
2025-04-22 21:00,9.124913187272066
2025-04-22 22:00,16.40487978518439
2025-04-22 23:00,15.254556573039814
2025-04-23 00:00,12.604047310094273
2025-04-23 01:00,15.820160584160076
2025-04-23 02:00,19.199016098893047
2025-04-23 03:00,14.101017520210062
2025-04-23 04:00,16.822387847656618
2025-04-23 05:00,21.939560099307677
2025-04-23 06:00,12.644226493904467
2025-04-23 07:00,8.384282229299451
2025-04-23 08:00,7.695321558213804
2025-04-23 09:00,8.12203940317745
2025-04-23 10:00,4.060031813830052
2025-04-23 11:00,5.8950106762082175
2025-04-23 12:00,3.737294354177724
2025-04-23 13:00,2.2263753376696807
2025-04-23 14:00,3.4985392143280873
2025-04-23 15:00,6.347180054762648
2025-04-23 16:00,4.942431998701663
2025-04-23 17:00,5.572677477017255
2025-04-23 18:00,3.597423562734968
2025-04-23 19:00,2.3209425949899636
2025-04-23 20:00,2.2524884012584283
2025-04-23 21:00,1.4443290437952099
2025-04-23 22:00,2.6376948000018596
2025-04-23 23:00,0.8834568754548887
2025-04-24 00:00,2.2482865166875854
2025-04-24 01:00,1.9943862446628002
2025-04-24 02:00,1.0544017542418542
2025-04-24 03:00,1.8795680832212858
2025-04-24 04:00,2.3212420911671487
2025-04-24 05:00,2.400392513133008
2025-04-24 06:00,2.99730718781597
2025-04-24 07:00,4.069302299760588
2025-04-24 08:00,4.3821571949218665
2025-04-24 09:00,8.92312486882047
2025-04-24 10:00,7.425668340578397
2025-04-24 11:00,6.66141807537728
2025-04-24 12:00,5.337033276968123
2025-04-24 13:00,5.5910977861649735
2025-04-24 14:00,14.364181797127994
2025-04-24 15:00,15.399657266125814
2025-04-24 16:00,19.814181626749736
2025-04-24 17:00,25.310197822688966
2025-04-24 18:00,27.348555949812802
2025-04-24 19:00,27.73345326130047
2025-04-24 20:00,28.384552135430305
2025-04-24 21:00,30.01990068589558
2025-04-24 22:00,24.501254228025115
2025-04-24 23:00,31.22435415633488
2025-04-25 00:00,25.80991322300021
2025-04-25 01:00,25.89487419965578
2025-04-25 02:00,24.031024544098706
2025-04-25 03:00,22.588919085251234
2025-04-25 04:00,18.83158094565809
2025-04-25 05:00,17.829357430788683
2025-04-25 06:00,17.245391317163776
2025-04-25 07:00,14.616617199176325
2025-04-25 08:00,15.144620913217471
2025-04-25 09:00,10.697516117149323
2025-04-25 10:00,7.771312013384369
2025-04-25 11:00,6.754375413327998
2025-04-25 12:00,5.830768988416369
2025-04-25 13:00,10.32011601382123
2025-04-25 14:00,12.010336810365857
2025-04-25 15:00,13.088786278395109
2025-04-25 16:00,13.108606876298575
2025-04-25 17:00,14.189341878067015
2025-04-25 18:00,12.888674756564392
2025-04-25 19:00,11.147105456729982
2025-04-25 20:00,4.223303773545452
2025-04-25 21:00,2.0338405030015605
2025-04-25 22:00,2.0913308199257177
2025-04-25 23:00,1.3834948154004356
2025-04-26 00:00,1.067122583572466
2025-04-26 01:00,1.1233268528026628
2025-04-26 02:00,1.682728240781894
2025-04-26 03:00,3.063428090905405
2025-04-26 04:00,2.941656186340982
2025-04-26 05:00,1.773797567942292
2025-04-26 06:00,1.669707802475174
2025-04-26 07:00,1.0668475106693025
2025-04-26 08:00,4.0733520083366965
2025-04-26 09:00,4.8103926107111
2025-04-26 10:00,8.2350120874812
2025-04-26 11:00,12.970266361702198
2025-04-26 12:00,9.476306128123383
2025-04-26 13:00,9.778575637484785
2025-04-26 14:00,13.673478449508524
2025-04-26 15:00,19.50920387815259
2025-04-26 16:00,19.787087831366264
2025-04-26 17:00,24.11658200790324
2025-04-26 18:00,21.179507656365942
2025-04-26 19:00,25.82434742800114
2025-04-26 20:00,31.706357529521792
2025-04-26 21:00,30.057449371882768
2025-04-26 22:00,24.374305737125173
2025-04-26 23:00,23.859693738953062
2025-04-27 00:00,26.74624435507741
2025-04-27 01:00,23.396140154760474
2025-04-27 02:00,23.152726294386014
2025-04-27 03:00,25.826984244588626
2025-04-27 04:00,20.323005425443583
2025-04-27 05:00,19.429309861685027
2025-04-27 06:00,22.886096347145454
2025-04-27 07:00,24.57771824080903
2025-04-27 08:00,19.58144425955442
2025-04-27 09:00,18.14945694695689
2025-04-27 10:00,11.642088154825775
2025-04-27 11:00,9.570127957394153
2025-04-27 12:00,5.17170638651781
2025-04-27 13:00,4.437895342091792
2025-04-27 14:00,3.9873304783329306
2025-04-27 15:00,4.1326760509634495
2025-04-27 16:00,4.90883068728881
2025-04-27 17:00,3.663283694062458
2025-04-27 18:00,3.8149727734998318
2025-04-27 19:00,9.729369269675777
2025-04-27 20:00,10.15417528029446
2025-04-27 21:00,10.356564855729262
2025-04-27 22:00,12.526733961821467
2025-04-27 23:00,6.143689996900159
2025-04-28 00:00,3.368614012642934
2025-04-28 01:00,1.344123061688375
2025-04-28 02:00,2.3485953105942956
2025-04-28 03:00,1.0030420474026933
2025-04-28 04:00,0.4004422983322431
2025-04-28 05:00,0.15865183030175373
2025-04-28 06:00,1.7796476325180146
2025-04-28 07:00,0.9307113423140434
2025-04-28 08:00,5.266416138536021
2025-04-28 09:00,4.890067848915057
2025-04-28 10:00,8.597994841966067
2025-04-28 11:00,8.9635471019261
2025-04-28 12:00,15.402925160055275
2025-04-28 13:00,30.467682151331353
2025-04-28 14:00,35.65252214065336
2025-04-28 15:00,30.24648400915966
2025-04-28 16:00,37.48014945438523
2025-04-28 17:00,40.30697240354083
2025-04-28 18:00,37.97363406227343
2025-04-28 19:00,36.248482769956
2025-04-28 20:00,28.585490828117592
2025-04-28 21:00,18.7345029018511
2025-04-28 22:00,12.225714736643004
2025-04-28 23:00,4.657276895593039
2025-04-29 00:00,5.918458821600506
2025-04-29 01:00,5.832845488551087
2025-04-29 02:00,4.70517304013921
2025-04-29 03:00,1.0927170483871338
2025-04-29 04:00,1.4813879091683935
2025-04-29 05:00,1.8909254953570585
2025-04-29 06:00,0.7722910565512592
2025-04-29 07:00,0.031559135828834406
2025-04-29 08:00,0.0
2025-04-29 09:00,0.20193642148861626
2025-04-29 10:00,0.32412036608242356
2025-04-29 11:00,0.0
2025-04-29 12:00,0.5168336795802619
2025-04-29 13:00,0.620593754989282
2025-04-29 14:00,1.6885893441537467
2025-04-29 15:00,3.2971833881013266
2025-04-29 16:00,4.5820114317054355
2025-04-29 17:00,7.169548135785993
2025-04-29 18:00,7.232600854821198
2025-04-29 19:00,18.45918876274422
2025-04-29 20:00,24.13552524532457
2025-04-29 21:00,23.579504327112545
2025-04-29 22:00,21.72373879588754
2025-04-29 23:00,22.460414104533328
2025-04-30 00:00,25.065710449805906
2025-04-30 01:00,28.653052890654052
2025-04-30 02:00,30.718413691424168
2025-04-30 03:00,28.932365778225986
2025-04-30 04:00,26.902082629512726
2025-04-30 05:00,31.517966045934777
2025-04-30 06:00,31.604461116305387
2025-04-30 07:00,31.232035898137536
2025-04-30 08:00,40.36612655257467
2025-04-30 09:00,42.12893736092657
2025-04-30 10:00,37.78484004684838
2025-04-30 11:00,41.00993123691397
2025-04-30 12:00,40.80420425959707
2025-04-30 13:00,40.382624041307025
2025-04-30 14:00,39.19480051395318
2025-04-30 15:00,37.494532495134834
2025-04-30 16:00,41.53755061642674
2025-04-30 17:00,38.498236292770166
2025-04-30 18:00,41.267110881223275
2025-04-30 19:00,45.06672414346572
2025-04-30 20:00,50.40306599979742
2025-04-30 21:00,47.56409078432387
2025-04-30 22:00,49.328257653178014
2025-04-30 23:00,48.45281659535417
2025-05-01 00:00,46.812499494789634
2025-05-01 01:00,52.95970832965006
2025-05-01 02:00,52.644131797237776
2025-05-01 03:00,52.7158579311091
2025-05-01 04:00,49.72878478122659
2025-05-01 05:00,54.173112436962214
2025-05-01 06:00,57.104146410887246
2025-05-01 07:00,57.46950116965637
2025-05-01 08:00,53.739998546454274
2025-05-01 09:00,52.905050250150204
2025-05-01 10:00,52.22758255484572
2025-05-01 11:00,45.859993553440376
2025-05-01 12:00,44.86982258855085
2025-05-01 13:00,40.86451700598447
2025-05-01 14:00,33.98887561591846
2025-05-01 15:00,34.64255096355831
2025-05-01 16:00,33.7868943458254
2025-05-01 17:00,19.940364128102434
2025-05-01 18:00,13.821382918646139
2025-05-01 19:00,17.357413637133735
2025-05-01 20:00,17.76878025507068
2025-05-01 21:00,14.341004485547305
2025-05-01 22:00,13.077736563837256
2025-05-01 23:00,16.25897141373502
2025-05-02 00:00,21.754456708585966
2025-05-02 01:00,27.46203131082637
2025-05-02 02:00,31.86841030595319
2025-05-02 03:00,34.3233275309701
2025-05-02 04:00,36.129957211835844
2025-05-02 05:00,36.130824940775625
2025-05-02 06:00,37.512625468518195
2025-05-02 07:00,34.175807929738006
2025-05-02 08:00,37.17783634450107
2025-05-02 09:00,34.512437132342114
2025-05-02 10:00,31.605299232952312
2025-05-02 11:00,30.26391368699131
2025-05-02 12:00,26.500175430486674
2025-05-02 13:00,23.868840960999982
2025-05-02 14:00,22.041411323890557
2025-05-02 15:00,17.261678404867368
2025-05-02 16:00,11.04829008823658
2025-05-02 17:00,7.305588969753251
2025-05-02 18:00,2.2983185550828797
2025-05-02 19:00,1.687041706442386
2025-05-02 20:00,0.510645586409504
2025-05-02 21:00,0.036311912870070545
2025-05-02 22:00,0.016544307998200555
2025-05-02 23:00,0.43406202321750875
2025-05-03 00:00,0.5340289195649885
2025-05-03 01:00,1.5283381951492627
2025-05-03 02:00,4.533195374542803
2025-05-03 03:00,3.1249313206438813
2025-05-03 04:00,5.6360054017791725
2025-05-03 05:00,5.268443541198204
2025-05-03 06:00,16.517477733688953
2025-05-03 07:00,14.506380918042229
2025-05-03 08:00,14.022174729254914
2025-05-03 09:00,19.369544281208178
2025-05-03 10:00,18.00076231209534
2025-05-03 11:00,19.08182359795496
2025-05-03 12:00,19.748169421471502
2025-05-03 13:00,21.44186314872037
2025-05-03 14:00,27.96230955808567
2025-05-03 15:00,26.191697177312893
2025-05-03 16:00,32.77921494688077
2025-05-03 17:00,34.24972823448279
2025-05-03 18:00,35.08166396953295
2025-05-03 19:00,36.887797920325895
2025-05-03 20:00,31.460895802392706
2025-05-03 21:00,21.84421424095001
2025-05-03 22:00,21.23949787818353
2025-05-03 23:00,15.412603684506255
2025-05-04 00:00,11.927570695137113
2025-05-04 01:00,8.559135951299112
2025-05-04 02:00,7.889551692783872
2025-05-04 03:00,6.37648046798146
2025-05-04 04:00,4.236062594266414
2025-05-04 05:00,5.565738561074369
2025-05-04 06:00,4.930566541676761
2025-05-04 07:00,4.521128117638051
2025-05-04 08:00,4.3988180290347785
2025-05-04 09:00,4.611314149794945
2025-05-04 10:00,6.2356154225694205
2025-05-04 11:00,6.160795776958247
2025-05-04 12:00,9.983197063132394
2025-05-04 13:00,14.851169942561512
2025-05-04 14:00,17.676851902812594
2025-05-04 15:00,15.274632257920363
2025-05-04 16:00,17.034499678309814
2025-05-04 17:00,15.237947200753943
2025-05-04 18:00,8.702542348072106
2025-05-04 19:00,7.596337789052138
2025-05-04 20:00,3.469410416120928
2025-05-04 21:00,1.932890195675482
2025-05-04 22:00,1.4868232591509372
2025-05-04 23:00,3.6286990887771697
2025-05-05 00:00,1.7514309775466765
2025-05-05 01:00,1.3316585479617684
2025-05-05 02:00,3.8839760292363623
2025-05-05 03:00,2.5761206447138045
2025-05-05 04:00,1.9360876409860004
2025-05-05 05:00,2.864661318751536
2025-05-05 06:00,3.2471232050337124
2025-05-05 07:00,1.6938585942689197
2025-05-05 08:00,3.116527081091944
2025-05-05 09:00,3.408459517823842
2025-05-05 10:00,1.3851749355008418
2025-05-05 11:00,2.660495668062137
2025-05-05 12:00,1.0776059292892217
2025-05-05 13:00,1.9333617349649546
2025-05-05 14:00,2.0346072548996
2025-05-05 15:00,2.3466327367571247
2025-05-05 16:00,3.561106115776899
2025-05-05 17:00,3.0909136110476947
2025-05-05 18:00,7.244346987323926
2025-05-05 19:00,11.659801840620789
2025-05-05 20:00,12.27945433312366
2025-05-05 21:00,6.479723304136479
2025-05-05 22:00,12.525542253479857
2025-05-05 23:00,15.104203643875358
2025-05-06 00:00,14.427491679549405
2025-05-06 01:00,8.383134300985175
2025-05-06 02:00,12.078587325036029
2025-05-06 03:00,12.972986087976025
2025-05-06 04:00,9.15160276806101
2025-05-06 05:00,12.000522086298911
2025-05-06 06:00,12.234416255277598
2025-05-06 07:00,9.02809941647494
2025-05-06 08:00,5.042933584799824
2025-05-06 09:00,2.0847965545118576
2025-05-06 10:00,1.1468604970033978
2025-05-06 11:00,0.4259231699855348
2025-05-06 12:00,0.2502600128711991
2025-05-06 13:00,0.7807277870505824
2025-05-06 14:00,1.1023851433902894
2025-05-06 15:00,4.0688276270128805
2025-05-06 16:00,6.357439863424488
2025-05-06 17:00,7.622253884806796
2025-05-06 18:00,6.182827978193949
2025-05-06 19:00,5.99221745964667
2025-05-06 20:00,3.8293362287371338
2025-05-06 21:00,3.123805017295327
2025-05-06 22:00,3.361310738947929
2025-05-06 23:00,3.301030867499926
2025-05-07 00:00,1.1419694464924774
2025-05-07 01:00,1.1880890262218804
2025-05-07 02:00,2.0899837149999554
2025-05-07 03:00,1.3579222123648764
2025-05-07 04:00,1.1362635259687144
2025-05-07 05:00,0.9287633786794736
2025-05-07 06:00,0.6075854046097156
2025-05-07 07:00,0.0
2025-05-07 08:00,0.0
2025-05-07 09:00,0.10071930361887144
2025-05-07 10:00,0.05656461355954424
2025-05-07 11:00,0.20759623355083034
2025-05-07 12:00,0.9979737428513197
2025-05-07 13:00,1.1287249827108317
2025-05-07 14:00,2.126088989415948
2025-05-07 15:00,4.580532307180661
2025-05-07 16:00,5.258576504842816
2025-05-07 17:00,4.616841601562521
2025-05-07 18:00,0.7146998518219511
2025-05-07 19:00,4.230614957074404
2025-05-07 20:00,1.1248605952532218
2025-05-07 21:00,0.42840373448153507
2025-05-07 22:00,0.009046469882465661
2025-05-07 23:00,0.6560687676943335
2025-05-08 00:00,0.09118942753437068
2025-05-08 01:00,0.5318635429206839
2025-05-08 02:00,1.7439458567700183
2025-05-08 03:00,2.453931399565459
2025-05-08 04:00,1.4470183873190954
2025-05-08 05:00,2.556104922831481
2025-05-08 06:00,1.6980317581099844
2025-05-08 07:00,0.8644204315560187
2025-05-08 08:00,0.7077761931386317
2025-05-08 09:00,0.23740371821328454
2025-05-08 10:00,0.47741207096600424
2025-05-08 11:00,0.3029487702359741
2025-05-08 12:00,2.2483223094541174
2025-05-08 13:00,2.311247223219322
2025-05-08 14:00,4.751137990719897
2025-05-08 15:00,6.808883732435779
2025-05-08 16:00,4.417071497932371
2025-05-08 17:00,1.6028448070980508
2025-05-08 18:00,0.6832014256100387
2025-05-08 19:00,1.3866853580091074
2025-05-08 20:00,1.2748489707941375
2025-05-08 21:00,1.719715699504448
2025-05-08 22:00,2.7682220213972912
2025-05-08 23:00,7.518195967003477
2025-05-09 00:00,8.658589898660836
2025-05-09 01:00,12.535440512526662
2025-05-09 02:00,14.422058065780469
2025-05-09 03:00,19.88465854857315
2025-05-09 04:00,17.35679189425459
2025-05-09 05:00,24.707619621059663
2025-05-09 06:00,31.970622825360767
2025-05-09 07:00,38.240618143939145
2025-05-09 08:00,43.27658758946805
2025-05-09 09:00,45.784283999982364
2025-05-09 10:00,49.10898338457215
2025-05-09 11:00,48.754185427007315
2025-05-09 12:00,49.107731704055226
2025-05-09 13:00,47.843241018601816
2025-05-09 14:00,44.41449117691232
2025-05-09 15:00,48.996491475787344
2025-05-09 16:00,46.28389131597175
2025-05-09 17:00,46.663630088034054
2025-05-09 18:00,51.49116070275077
2025-05-09 19:00,46.65059983295531
2025-05-09 20:00,47.85817448716557
2025-05-09 21:00,51.40427804841846
2025-05-09 22:00,51.60763226829325
2025-05-09 23:00,50.71830087081844
2025-05-10 00:00,53.419367606975364
2025-05-10 01:00,53.315989980401895
2025-05-10 02:00,52.571873706433486
2025-05-10 03:00,49.538525712899855
2025-05-10 04:00,49.5421557427057
2025-05-10 05:00,51.38907667158151
2025-05-10 06:00,51.77196138793971
2025-05-10 07:00,51.82767643098845
2025-05-10 08:00,52.98306088658404
2025-05-10 09:00,54.62268551750155
2025-05-10 10:00,53.22264944891401
2025-05-10 11:00,54.577961797689994
2025-05-10 12:00,53.3532506798774
2025-05-10 13:00,53.449950122748504
2025-05-10 14:00,53.12814234107549
2025-05-10 15:00,52.56245862134355
2025-05-10 16:00,45.70014700556361
2025-05-10 17:00,45.51271597970907
2025-05-10 18:00,45.052424326837595
2025-05-10 19:00,38.496588314662766
2025-05-10 20:00,30.00800520273568
2025-05-10 21:00,31.039889313300094
2025-05-10 22:00,23.97753375791664
2025-05-10 23:00,20.169949796563458
2025-05-11 00:00,14.444650252891694
2025-05-11 01:00,8.981888835334708
2025-05-11 02:00,4.1724675421895565
2025-05-11 03:00,4.545403144927679
2025-05-11 04:00,3.4540854736440934
2025-05-11 05:00,1.8334601019706425
2025-05-11 06:00,0.7929915489445543
2025-05-11 07:00,1.7095992996942875
2025-05-11 08:00,4.43951363445634
2025-05-11 09:00,7.457489145999945
2025-05-11 10:00,13.267824463110129
2025-05-11 11:00,8.167147231520483
2025-05-11 12:00,15.15783884572027
2025-05-11 13:00,17.130166067780387
2025-05-11 14:00,21.303359778077006
2025-05-11 15:00,22.75874133847423
2025-05-11 16:00,18.449797012210624
2025-05-11 17:00,10.119623754993384
2025-05-11 18:00,6.73531270085727
2025-05-11 19:00,11.06043540791304
2025-05-11 20:00,7.084802142524532
2025-05-11 21:00,9.546190328404164
2025-05-11 22:00,9.751365599785263
2025-05-11 23:00,7.5937637899045765
2025-05-12 00:00,9.859800894525035
2025-05-12 01:00,7.261299247437094
2025-05-12 02:00,10.355642760073728
2025-05-12 03:00,9.10513757347691
2025-05-12 04:00,6.956873001033211
2025-05-12 05:00,7.9977273418942705
2025-05-12 06:00,8.00481296356632
2025-05-12 07:00,7.589823915828241
2025-05-12 08:00,10.052665025084284
2025-05-12 09:00,11.676053131300637
2025-05-12 10:00,9.245368603018807
2025-05-12 11:00,10.769254968305571
2025-05-12 12:00,8.090327850210523
2025-05-12 13:00,10.433622512793999
2025-05-12 14:00,13.155092875333239
2025-05-12 15:00,15.621162352421672
2025-05-12 16:00,17.550587762571176
2025-05-12 17:00,17.810933888346757
2025-05-12 18:00,17.598982353141437
2025-05-12 19:00,25.74624884250936
2025-05-12 20:00,30.582780434464404
2025-05-12 21:00,33.76841092071847
2025-05-12 22:00,38.46290912072835
2025-05-12 23:00,33.10405223263733
2025-05-13 00:00,27.966913402341767
2025-05-13 01:00,36.35950875486249
2025-05-13 02:00,28.963334600090874
2025-05-13 03:00,25.036399326490912
2025-05-13 04:00,25.57347089960883
2025-05-13 05:00,30.003149210455078
2025-05-13 06:00,29.499913469897642
2025-05-13 07:00,31.831457128017476
2025-05-13 08:00,35.25683382524017
2025-05-13 09:00,36.839649184041555
2025-05-13 10:00,30.502252212017677
2025-05-13 11:00,31.256554055629973
2025-05-13 12:00,34.106906431253364
2025-05-13 13:00,33.88827628010226
2025-05-13 14:00,27.43798863238763
2025-05-13 15:00,30.44071736863528
2025-05-13 16:00,24.587670252837572
2025-05-13 17:00,27.905664213100835
2025-05-13 18:00,23.009639884341507
2025-05-13 19:00,15.468108662674526
2025-05-13 20:00,13.387955575919708
2025-05-13 21:00,11.81965728406485
2025-05-13 22:00,9.146622124653433
2025-05-13 23:00,6.491179160160339
2025-05-14 00:00,4.5230788900267624
2025-05-14 01:00,6.342662778740142
2025-05-14 02:00,4.689029206863054
2025-05-14 03:00,5.663583738928416
2025-05-14 04:00,3.762191438731171
2025-05-14 05:00,3.543248469845727
2025-05-14 06:00,4.644786161343635
2025-05-14 07:00,4.574239419372805
2025-05-14 08:00,5.242750433504374
2025-05-14 09:00,8.040519490088753
2025-05-14 10:00,9.015102412701008
2025-05-14 11:00,15.112399686534253
2025-05-14 12:00,26.701679959992276
2025-05-14 13:00,30.82149118000561
2025-05-14 14:00,28.20165316509267
2025-05-14 15:00,33.294891617230434
2025-05-14 16:00,35.417746628459916
2025-05-14 17:00,36.8151134233977
2025-05-14 18:00,32.171345712064536
2025-05-14 19:00,31.7897523289653
2025-05-14 20:00,30.251513832264898
2025-05-14 21:00,36.549257591064915
2025-05-14 22:00,32.980096249198176
2025-05-14 23:00,39.57995766229919
2025-05-15 00:00,39.95997453182128
2025-05-15 01:00,35.31240274026804
2025-05-15 02:00,40.72924477915166
2025-05-15 03:00,46.36287202018581
2025-05-15 04:00,47.56662250853738
2025-05-15 05:00,45.49198400884611
2025-05-15 06:00,45.07668464440623
2025-05-15 07:00,40.51939078633892
2025-05-15 08:00,40.30014568880891
2025-05-15 09:00,36.854602306634206
2025-05-15 10:00,31.11056663640635
2025-05-15 11:00,28.43071415738079
2025-05-15 12:00,29.45620489440521
2025-05-15 13:00,24.954413958448377
2025-05-15 14:00,20.21415702827669
2025-05-15 15:00,22.981672098522573
2025-05-15 16:00,27.334416660568976
2025-05-15 17:00,22.31364172091571
2025-05-15 18:00,20.058477076270535
2025-05-15 19:00,23.49601198192829
2025-05-15 20:00,23.45616261677069
2025-05-15 21:00,21.510720055123812
2025-05-15 22:00,22.95071314159707
2025-05-15 23:00,22.39058310617499
2025-05-16 00:00,22.16579126906368
2025-05-16 01:00,23.30365334902093
2025-05-16 02:00,21.061652007784367
2025-05-16 03:00,14.993682430085869
2025-05-16 04:00,11.491311911892591
2025-05-16 05:00,6.254024848034834
2025-05-16 06:00,6.135743102677149
2025-05-16 07:00,11.721554294698073
2025-05-16 08:00,8.967662878999754
2025-05-16 09:00,13.586567226819621
2025-05-16 10:00,15.345401300484804
2025-05-16 11:00,19.323021958527683
2025-05-16 12:00,25.804338980897676
2025-05-16 13:00,19.509047134218587
2025-05-16 14:00,22.674114997503608
2025-05-16 15:00,28.27838035022602
2025-05-16 16:00,31.14756373778889
2025-05-16 17:00,35.54209146480642
2025-05-16 18:00,38.483034063933715
2025-05-16 19:00,39.680890833459955
2025-05-16 20:00,44.03974192176787
2025-05-16 21:00,40.419570973067636
2025-05-16 22:00,40.2170978504562
2025-05-16 23:00,35.347985083884225
2025-05-17 00:00,24.94003142974004
2025-05-17 01:00,15.522843926864184
2025-05-17 02:00,6.644886590682036
2025-05-17 03:00,6.8763159889208705
2025-05-17 04:00,4.223035655204038
2025-05-17 05:00,5.285588098706578
2025-05-17 06:00,9.60235549923637
2025-05-17 07:00,8.88204375942249
2025-05-17 08:00,8.590733925791112
2025-05-17 09:00,6.83557901064333
2025-05-17 10:00,4.886794351907921
2025-05-17 11:00,4.588293489469475
2025-05-17 12:00,2.5479120559247725
2025-05-17 13:00,4.383439030678133
2025-05-17 14:00,5.352562688534083
2025-05-17 15:00,6.419274689418
2025-05-17 16:00,7.203977535388628
2025-05-17 17:00,19.898521637517575
2025-05-17 18:00,26.00855827898112
2025-05-17 19:00,28.011707237329126
2025-05-17 20:00,28.136112588635243
2025-05-17 21:00,27.84491509328057
2025-05-17 22:00,28.033440705395783
2025-05-17 23:00,28.887954413476166
2025-05-18 00:00,18.157422823789428
2025-05-18 01:00,16.608808364994264
2025-05-18 02:00,14.82994466098587
2025-05-18 03:00,11.403815576566181
2025-05-18 04:00,8.97466562865551
2025-05-18 05:00,9.522881601042208
2025-05-18 06:00,10.097416399427113
2025-05-18 07:00,11.780032787693477
2025-05-18 08:00,14.940688855636514
2025-05-18 09:00,8.730530308638105
2025-05-18 10:00,5.826401322007668
2025-05-18 11:00,3.993438525687014
2025-05-18 12:00,3.4706678252451333
2025-05-18 13:00,3.2539971592141494
2025-05-18 14:00,4.4245598049854955
2025-05-18 15:00,3.9008631968993663
2025-05-18 16:00,4.153058656904687
2025-05-18 17:00,2.4529185464966243
2025-05-18 18:00,0.7352919872247509
2025-05-18 19:00,2.071740224817778
2025-05-18 20:00,1.2189950498367639
2025-05-18 21:00,0.0
2025-05-18 22:00,0.12449689028975808
2025-05-18 23:00,0.3083338309356079
2025-05-19 00:00,0.3715434815016196
2025-05-19 01:00,0.41249288602062567
2025-05-19 02:00,0.9904357030289559
2025-05-19 03:00,5.410150025073991
2025-05-19 04:00,6.721941369286309
2025-05-19 05:00,14.877764256624644
2025-05-19 06:00,26.117338139139676
2025-05-19 07:00,36.73346921150496
2025-05-19 08:00,42.93429071493699
2025-05-19 09:00,46.29591609207142
2025-05-19 10:00,46.254464047630606
2025-05-19 11:00,48.279241652883904
2025-05-19 12:00,52.641510294093074
2025-05-19 13:00,52.1744585588183
2025-05-19 14:00,48.98512646845819
2025-05-19 15:00,45.36878267350862
2025-05-19 16:00,44.74945437987239
2025-05-19 17:00,44.70238312991789
2025-05-19 18:00,41.34116694249337
2025-05-19 19:00,40.65876355545127
2025-05-19 20:00,39.00340341124877
2025-05-19 21:00,50.02772793838891
2025-05-19 22:00,49.558273441208414
2025-05-19 23:00,47.2626086587382
2025-05-20 00:00,47.39921155812837
2025-05-20 01:00,47.6350924849058
2025-05-20 02:00,46.671752418436085
2025-05-20 03:00,43.333537757717025
2025-05-20 04:00,45.360767611070166
2025-05-20 05:00,41.77533708895547
2025-05-20 06:00,42.855876118646854
2025-05-20 07:00,41.669516675766474
2025-05-20 08:00,39.63027719365926
2025-05-20 09:00,35.2018392711633
2025-05-20 10:00,33.031618061070596
2025-05-20 11:00,28.49603083270535
2025-05-20 12:00,27.06898537623683
2025-05-20 13:00,24.360645782828996
2025-05-20 14:00,22.93628450380462
2025-05-20 15:00,22.869244921760277
2025-05-20 16:00,25.17330786620115
2025-05-20 17:00,20.710851760281756
2025-05-20 18:00,12.592800102601444
2025-05-20 19:00,16.464554324501563
2025-05-20 20:00,16.075509301027452
2025-05-20 21:00,14.956823988603785
2025-05-20 22:00,12.072230188636071
2025-05-20 23:00,10.60621322364348
2025-05-21 00:00,8.339161776196416
2025-05-21 01:00,6.12645561152838
2025-05-21 02:00,4.5023941743629345
2025-05-21 03:00,6.293865846582166
2025-05-21 04:00,8.833675750622076
2025-05-21 05:00,5.374158397045523
2025-05-21 06:00,8.943778793810658
2025-05-21 07:00,9.615531928968698
2025-05-21 08:00,6.956359129010641
2025-05-21 09:00,5.379436917739179
2025-05-21 10:00,0.3697261243248606
2025-05-21 11:00,0.6458767709021108
2025-05-21 12:00,2.0023735420101745
2025-05-21 13:00,1.2669978222295415
2025-05-21 14:00,0.4135951743615007
2025-05-21 15:00,0.3026090594469504
2025-05-21 16:00,0.10301509091479609
2025-05-21 17:00,2.226342518366043
2025-05-21 18:00,0.9756739982669156
2025-05-21 19:00,1.754630263308114
2025-05-21 20:00,1.3268561578696003
2025-05-21 21:00,2.459515540912772
2025-05-21 22:00,3.353023649395756
2025-05-21 23:00,8.853787681149484
2025-05-22 00:00,12.481624504397761
2025-05-22 01:00,12.882186116804032
2025-05-22 02:00,19.445742186778098
2025-05-22 03:00,16.80597741376496
2025-05-22 04:00,9.902454288953246
2025-05-22 05:00,10.569501346626883
2025-05-22 06:00,5.617218854636213
2025-05-22 07:00,4.682143637070821
2025-05-22 08:00,3.3429705059832715
2025-05-22 09:00,2.7989962501044667
2025-05-22 10:00,2.9408355900675014
2025-05-22 11:00,4.469864245736708
2025-05-22 12:00,6.649162903330275
2025-05-22 13:00,1.9773425219833385
2025-05-22 14:00,3.414698051442597
2025-05-22 15:00,3.9809844577327773
2025-05-22 16:00,4.879918010096288
2025-05-22 17:00,6.909029887771309
2025-05-22 18:00,3.696640283689419
2025-05-22 19:00,6.545674075202876
2025-05-22 20:00,6.0931574582687515
2025-05-22 21:00,1.9140167719931924
2025-05-22 22:00,5.623595602886688
2025-05-22 23:00,4.7842690305961355
2025-05-23 00:00,1.8206685949363655
2025-05-23 01:00,1.1762103142096512
2025-05-23 02:00,0.5566387683948947
2025-05-23 03:00,0.2787251939232379
2025-05-23 04:00,0.1910315115427889
2025-05-23 05:00,0.320898882536633
2025-05-23 06:00,0.21219973277535945
2025-05-23 07:00,0.4570900345257688
2025-05-23 08:00,0.7980032314066228
2025-05-23 09:00,0.4791067928243349
2025-05-23 10:00,1.0328850013509197
2025-05-23 11:00,0.8840424810350889
2025-05-23 12:00,1.082616855107463
2025-05-23 13:00,1.9613172171390483
2025-05-23 14:00,3.50943653062249
2025-05-23 15:00,1.6747993732147413
2025-05-23 16:00,2.3422687768264545
2025-05-23 17:00,3.5458200965094644
2025-05-23 18:00,4.36886490859152
2025-05-23 19:00,2.187914164242249
2025-05-23 20:00,3.5502377467683743
2025-05-23 21:00,1.3003645953295226
2025-05-23 22:00,1.4593919078251223
2025-05-23 23:00,1.120477705265063
2025-05-24 00:00,1.9082596910609586
2025-05-24 01:00,1.0773066916270624
2025-05-24 02:00,1.3306893930811798
2025-05-24 03:00,2.862031524601126
2025-05-24 04:00,3.6397481521787487
2025-05-24 05:00,4.310146078799662
2025-05-24 06:00,3.4056586197106995
2025-05-24 07:00,3.0842895948780296
2025-05-24 08:00,2.9382621624340493
2025-05-24 09:00,3.3292593680775733
2025-05-24 10:00,2.4757583379271315
2025-05-24 11:00,2.8826516640966453
2025-05-24 12:00,4.113276091874775
2025-05-24 13:00,5.35847959167263
2025-05-24 14:00,8.726772536732163
2025-05-24 15:00,11.305811647620352
2025-05-24 16:00,13.35761771963216
2025-05-24 17:00,19.004294835274237
2025-05-24 18:00,17.408417080720056
2025-05-24 19:00,18.387161928874175
2025-05-24 20:00,18.98320370196665
2025-05-24 21:00,16.558555570536328
2025-05-24 22:00,22.2442387854376
2025-05-24 23:00,25.611178306427263
2025-05-25 00:00,21.304725734434065
2025-05-25 01:00,22.00740422993936
2025-05-25 02:00,15.31849779588687
2025-05-25 03:00,15.172980087570227
2025-05-25 04:00,14.798649605966853
2025-05-25 05:00,12.38820134354654
2025-05-25 06:00,8.69899135053696
2025-05-25 07:00,11.41553566834331
2025-05-25 08:00,10.7602413035209
2025-05-25 09:00,6.177288311392104
2025-05-25 10:00,4.193464017895612
2025-05-25 11:00,4.151185996244556
2025-05-25 12:00,3.392102021328349
2025-05-25 13:00,4.2782078761810745
2025-05-25 14:00,4.489674937275369
2025-05-25 15:00,5.711461786522849
2025-05-25 16:00,5.772232057564583
2025-05-25 17:00,3.212993837931748
2025-05-25 18:00,0.8651708061291092
2025-05-25 19:00,0.6595159813674137
2025-05-25 20:00,0.3774865243277391
2025-05-25 21:00,0.0
2025-05-25 22:00,0.08267161684925721
2025-05-25 23:00,0.11129202445852591
2025-05-26 00:00,0.8188604003544666
2025-05-26 01:00,1.1037515674235803
2025-05-26 02:00,1.0543068914092109
2025-05-26 03:00,0.4218025897753922
2025-05-26 04:00,0.15144097654245903
2025-05-26 05:00,0.14758310396660274
2025-05-26 06:00,0.3812557739825236
2025-05-26 07:00,0.19520529078632884
2025-05-26 08:00,0.4962010170707269
2025-05-26 09:00,4.970376034569227
2025-05-26 10:00,5.164417306920095
2025-05-26 11:00,10.480473262889507
2025-05-26 12:00,5.568223553581001
2025-05-26 13:00,4.561120369673945
2025-05-26 14:00,6.332829149650762
2025-05-26 15:00,5.435693969521045
2025-05-26 16:00,5.103467105682277
2025-05-26 17:00,5.564640598429227
2025-05-26 18:00,5.95723217447539
2025-05-26 19:00,6.785870530122816
2025-05-26 20:00,11.059478869861763
2025-05-26 21:00,10.883246493303062
2025-05-26 22:00,11.701940733075553
2025-05-26 23:00,11.151726553806242
2025-05-27 00:00,7.459200398238027
2025-05-27 01:00,7.394211550162778
2025-05-27 02:00,7.970979186550123
2025-05-27 03:00,5.722245693328844
2025-05-27 04:00,2.9573528965181755
2025-05-27 05:00,1.5143041636936019
2025-05-27 06:00,1.174807768077137
2025-05-27 07:00,0.7368838575297569
2025-05-27 08:00,2.5714242071715687
2025-05-27 09:00,1.7341353665968995
2025-05-27 10:00,3.126195319104782
2025-05-27 11:00,2.043446192695893
2025-05-27 12:00,4.316143188527327
2025-05-27 13:00,4.358611749766312
2025-05-27 14:00,4.406062564003637
2025-05-27 15:00,7.400579788689363
2025-05-27 16:00,5.843065275819765
2025-05-27 17:00,6.481772780695271
2025-05-27 18:00,4.369330797174511
2025-05-27 19:00,2.907720086215005
2025-05-27 20:00,0.6846797693816644
2025-05-27 21:00,0.0
2025-05-27 22:00,0.26730525262036
2025-05-27 23:00,0.19459568335231694
2025-05-28 00:00,0.3460024588452596
2025-05-28 01:00,0.0709269866011605
2025-05-28 02:00,0.1966608581620671
2025-05-28 03:00,0.09917163772008791
2025-05-28 04:00,0.04887763336570546
2025-05-28 05:00,0.0
2025-05-28 06:00,0.16888716017263325
2025-05-28 07:00,0.0
2025-05-28 08:00,0.0
2025-05-28 09:00,0.0
2025-05-28 10:00,0.00240534370053369
2025-05-28 11:00,0.06492266756962964
2025-05-28 12:00,0.7790917362374431
2025-05-28 13:00,2.8446680576725125
2025-05-28 14:00,3.6858026425853483
2025-05-28 15:00,6.4930981048599286
2025-05-28 16:00,3.5439853255827627
2025-05-28 17:00,11.634175204814282
2025-05-28 18:00,9.909613750988788
2025-05-28 19:00,0.34982653095759475
2025-05-28 20:00,1.9037387189022545
2025-05-28 21:00,2.109768090819179
2025-05-28 22:00,1.5161531865505042
2025-05-28 23:00,0.494196553334636
2025-05-29 00:00,0.3437930070792339
2025-05-29 01:00,0.0
2025-05-29 02:00,0.4356127902472311
2025-05-29 03:00,0.5162752568923192
2025-05-29 04:00,0.2057762343297623
2025-05-29 05:00,0.17397292932391425
2025-05-29 06:00,0.18061235201068
2025-05-29 07:00,0.04077141403626042
2025-05-29 08:00,0.09443369673696836
2025-05-29 09:00,0.41278925170049396
2025-05-29 10:00,0.32060196743631575
2025-05-29 11:00,1.568075278799851
2025-05-29 12:00,6.258200939725864
2025-05-29 13:00,9.33569512359898
2025-05-29 14:00,6.6182474338903905
2025-05-29 15:00,13.861344103623662
2025-05-29 16:00,12.958000997882241
2025-05-29 17:00,14.822629473453595
2025-05-29 18:00,14.236801299784121
2025-05-29 19:00,8.151063182108905
2025-05-29 20:00,4.0288196865561465
2025-05-29 21:00,1.710356954756058
2025-05-29 22:00,0.7140966014451865
2025-05-29 23:00,0.6584555759644359
2025-05-30 00:00,1.6747516152200572
2025-05-30 01:00,1.0926940024930711
2025-05-30 02:00,0.2815390262517383
2025-05-30 03:00,1.4933524787014674
2025-05-30 04:00,0.21663452914681147
2025-05-30 05:00,0.18728411571333414
2025-05-30 06:00,0.020377243014273076
2025-05-30 07:00,0.3456063251292192
2025-05-30 08:00,0.04827646180420875
2025-05-30 09:00,0.31976035295657407
2025-05-30 10:00,0.48954386447141535
2025-05-30 11:00,1.26946756451147
2025-05-30 12:00,4.084831302372013
2025-05-30 13:00,7.037097563245377
2025-05-30 14:00,8.436224089030047
2025-05-30 15:00,13.87425337607052
2025-05-30 16:00,16.721782660555583
2025-05-30 17:00,9.010032139905153
2025-05-30 18:00,5.834049346863906
2025-05-30 19:00,3.4864822042325705
2025-05-30 20:00,3.1037410154899523
2025-05-30 21:00,2.284196690112408
2025-05-30 22:00,1.6130874914117626
2025-05-30 23:00,0.4238473023749628
2025-05-31 00:00,0.6488711712108076
2025-05-31 01:00,0.34635690540355435
2025-05-31 02:00,0.0
2025-05-31 03:00,0.4301399957201071
2025-05-31 04:00,0.7972312386603969
2025-05-31 05:00,0.10541647532089858
2025-05-31 06:00,0.17158805670823035
2025-05-31 07:00,0.1039497404179457
2025-05-31 08:00,0.0034107883115054418
2025-05-31 09:00,0.14764180767124574
2025-05-31 10:00,0.04056074002859075
2025-05-31 11:00,0.2730796506400626
2025-05-31 12:00,1.1570025657249454
2025-05-31 13:00,1.2713653886105178
2025-05-31 14:00,3.6018524361097883
2025-05-31 15:00,5.202516319326573
2025-05-31 16:00,4.5186253186505105
2025-05-31 17:00,7.989675714827051
2025-05-31 18:00,5.615525268810322
2025-05-31 19:00,0.3699123070317948
2025-05-31 20:00,1.310620778265449
2025-05-31 21:00,0.30492710280356866
2025-05-31 22:00,0.47558456512292474
2025-05-31 23:00,0.09024818811616517
2025-06-01 00:00,0.3304346953600933
2025-06-01 01:00,0.22094249258850124
2025-06-01 02:00,0.6913148770590762
2025-06-01 03:00,0.24821128569980414
2025-06-01 04:00,0.5532072709868886
2025-06-01 05:00,0.050906709990704964
2025-06-01 06:00,0.06304496373083243
2025-06-01 07:00,0.0748056780029384
2025-06-01 08:00,0.0
2025-06-01 09:00,0.0
2025-06-01 10:00,0.0
2025-06-01 11:00,0.23287444551903247
2025-06-01 12:00,0.7836167414645845
2025-06-01 13:00,1.530780313896322
2025-06-01 14:00,2.109597968214156
2025-06-01 15:00,2.972014976430602
2025-06-01 16:00,1.5359390817067475
2025-06-01 17:00,0.0
2025-06-01 18:00,0.0
2025-06-01 19:00,0.2865796364726646
2025-06-01 20:00,0.0
2025-06-01 21:00,0.176818161946429
2025-06-01 22:00,0.021133051586298076
2025-06-01 23:00,0.0
2025-06-02 00:00,0.02413917837636922
2025-06-02 01:00,0.0
2025-06-02 02:00,0.050793429953548234
2025-06-02 03:00,0.08404538549562214
2025-06-02 04:00,0.14156936441176882
2025-06-02 05:00,0.10544602581115298
2025-06-02 06:00,0.0977291415421852
2025-06-02 07:00,0.20623078311483026
2025-06-02 08:00,0.45970815742588883
2025-06-02 09:00,0.33077938980672594
2025-06-02 10:00,0.25791779532323106
2025-06-02 11:00,2.6032555828531057
2025-06-02 12:00,0.7028011212449362
2025-06-02 13:00,0.0
2025-06-02 14:00,0.290187326370741
2025-06-02 15:00,1.1861002645676133
2025-06-02 16:00,3.6872025669408037
2025-06-02 17:00,4.01219873636021
2025-06-02 18:00,3.6117061705341396
2025-06-02 19:00,2.891816645538179
2025-06-02 20:00,6.021946579663923
2025-06-02 21:00,3.0897690386839844
2025-06-02 22:00,3.305328094365981
2025-06-02 23:00,2.0103490979979037
2025-06-03 00:00,2.0369684198701754
2025-06-03 01:00,1.357119496208778
2025-06-03 02:00,1.0170062170991734
2025-06-03 03:00,1.6270680940169355
2025-06-03 04:00,3.4256433370747645
2025-06-03 05:00,10.716939748034676
2025-06-03 06:00,14.313974653925353
2025-06-03 07:00,16.633710121491184
2025-06-03 08:00,18.278724333304947
2025-06-03 09:00,13.624584026445287
2025-06-03 10:00,12.661446621860282
2025-06-03 11:00,19.24315589049148
2025-06-03 12:00,19.14711624130881
2025-06-03 13:00,23.113601180075392
2025-06-03 14:00,25.20366511626937
2025-06-03 15:00,26.440680286793473
2025-06-03 16:00,19.451835938660217
2025-06-03 17:00,18.64506486682057
2025-06-03 18:00,10.783318827742796
2025-06-03 19:00,9.756710200235446
2025-06-03 20:00,11.466304314586083
2025-06-03 21:00,8.371450098264331
2025-06-03 22:00,9.181850360595984
2025-06-03 23:00,11.77528624880294
2025-06-04 00:00,13.838633762289646
2025-06-04 01:00,13.472819069985324
2025-06-04 02:00,15.68600314102679
2025-06-04 03:00,18.87961710119403
2025-06-04 04:00,20.057199200551196
2025-06-04 05:00,23.18675518203711
2025-06-04 06:00,30.41652083041331
2025-06-04 07:00,32.98160547926557
2025-06-04 08:00,26.948576124254412
2025-06-04 09:00,24.393026668151148
2025-06-04 10:00,22.29120364312162
2025-06-04 11:00,19.898285778306715
2025-06-04 12:00,20.08897749360689
2025-06-04 13:00,20.591812562541207
2025-06-04 14:00,27.38781854384611
2025-06-04 15:00,23.0095156216874
2025-06-04 16:00,17.330490301738422
2025-06-04 17:00,20.514425231857466
2025-06-04 18:00,13.822088223873475
2025-06-04 19:00,13.897583296956928
2025-06-04 20:00,10.806434152197308
2025-06-04 21:00,10.58067275435156
2025-06-04 22:00,3.195393735191047
2025-06-04 23:00,4.861745842752006
2025-06-05 00:00,4.8369272058644235
2025-06-05 01:00,1.651345690644443
2025-06-05 02:00,2.099371814739982
2025-06-05 03:00,2.0787970343097215
2025-06-05 04:00,2.235285517977685
2025-06-05 05:00,2.2115387413899437
2025-06-05 06:00,1.6212306120718347
2025-06-05 07:00,0.2745084169600653
2025-06-05 08:00,0.39263340085113146
2025-06-05 09:00,0.2192442851516192
2025-06-05 10:00,0.20709844416431936
2025-06-05 11:00,0.0
2025-06-05 12:00,0.0
2025-06-05 13:00,0.5162064132873562
2025-06-05 14:00,2.488668339856889
2025-06-05 15:00,6.702781029393652
2025-06-05 16:00,8.239691702679202
2025-06-05 17:00,10.579229027824645
2025-06-05 18:00,10.540779074620877
2025-06-05 19:00,14.538418061455673
2025-06-05 20:00,25.634209817969552
2025-06-05 21:00,23.77026219970681
2025-06-05 22:00,27.835287874733176
2025-06-05 23:00,29.71978303197404
2025-06-06 00:00,26.289846564116406
2025-06-06 01:00,25.987687193844508
2025-06-06 02:00,24.177278972763112
2025-06-06 03:00,23.589926311695127
2025-06-06 04:00,20.580265509720768
2025-06-06 05:00,26.705767819042137
2025-06-06 06:00,25.87446212427966
2025-06-06 07:00,26.082157085005825
2025-06-06 08:00,27.912081046954412
2025-06-06 09:00,25.920810546996115
2025-06-06 10:00,19.173228940614536
2025-06-06 11:00,18.15835987747406
2025-06-06 12:00,19.532338212026616
2025-06-06 13:00,16.26660238087171
2025-06-06 14:00,19.81166471871967
2025-06-06 15:00,20.5546155984934
2025-06-06 16:00,18.382781923379525
2025-06-06 17:00,14.501746396473335
2025-06-06 18:00,8.545275105195527
2025-06-06 19:00,6.536994069706795
2025-06-06 20:00,2.884874800278462
2025-06-06 21:00,6.372397131227853
2025-06-06 22:00,7.422007040484491
2025-06-06 23:00,8.44108286221268
2025-06-07 00:00,7.4545366692295465
2025-06-07 01:00,8.140245489224025
2025-06-07 02:00,7.574082381908633
2025-06-07 03:00,8.910998335648667
2025-06-07 04:00,6.129489632532906
2025-06-07 05:00,5.482508444322489
2025-06-07 06:00,7.710804699151548
2025-06-07 07:00,4.2592673054598835
2025-06-07 08:00,9.023017679364962
2025-06-07 09:00,13.364624789711026
2025-06-07 10:00,8.659142810658388
2025-06-07 11:00,14.156925793057358
2025-06-07 12:00,13.88439191749163
2025-06-07 13:00,9.06733528482805
2025-06-07 14:00,6.861564628888339
2025-06-07 15:00,6.623428166401845
2025-06-07 16:00,7.1782939092565075
2025-06-07 17:00,4.730366009488122
2025-06-07 18:00,2.1838034096488834
2025-06-07 19:00,4.257127923093773
2025-06-07 20:00,0.39323101125498366
2025-06-07 21:00,0.5557926567852638
2025-06-07 22:00,0.15552920742365084
2025-06-07 23:00,0.1630648498167536
2025-06-08 00:00,0.002523125691924632
2025-06-08 01:00,0.1650519807581613
2025-06-08 02:00,0.17253696418813627
2025-06-08 03:00,0.5692034907874888
2025-06-08 04:00,0.2867692594978281
2025-06-08 05:00,0.2955943002268675
2025-06-08 06:00,0.40077157311627115
2025-06-08 07:00,0.24423516528799627
2025-06-08 08:00,0.14887142439334816
2025-06-08 09:00,0.1857931210123286
2025-06-08 10:00,0.08685909298903646
2025-06-08 11:00,0.11344129647339124
2025-06-08 12:00,0.4243212347182553
2025-06-08 13:00,1.0207402755986894
2025-06-08 14:00,1.476009696594113
2025-06-08 15:00,5.364539748992212
2025-06-08 16:00,5.0548908576200855
2025-06-08 17:00,3.1270216510524786
2025-06-08 18:00,2.6660683771803737
2025-06-08 19:00,3.3554152710408918
2025-06-08 20:00,5.056754371618465
2025-06-08 21:00,1.1355513057049111
2025-06-08 22:00,0.8528001103971348
2025-06-08 23:00,0.4536876480839157
2025-06-09 00:00,0.20586999571972903
2025-06-09 01:00,0.41372262617114985
2025-06-09 02:00,0.10775234530821243
2025-06-09 03:00,0.12010488560730384
2025-06-09 04:00,0.5207341648018171
2025-06-09 05:00,0.681344839578119
2025-06-09 06:00,0.4325015503398096
2025-06-09 07:00,0.565191713788104
2025-06-09 08:00,0.10034347455585647
2025-06-09 09:00,0.32521073314719867
2025-06-09 10:00,0.9963197389724412
2025-06-09 11:00,0.5033335189235355
2025-06-09 12:00,0.06898621330191859
2025-06-09 13:00,0.4929547458633253
2025-06-09 14:00,1.6413342810338343
2025-06-09 15:00,4.398994225486836
2025-06-09 16:00,3.7773552872975786
2025-06-09 17:00,3.670317092023559
2025-06-09 18:00,2.615353845904237
2025-06-09 19:00,2.5705892058631132
2025-06-09 20:00,0.17890327059272312
2025-06-09 21:00,0.24445886240507161
2025-06-09 22:00,0.17305663816012698
2025-06-09 23:00,0.29296665836714686
2025-06-10 00:00,1.7401727665363662
2025-06-10 01:00,3.4367558666190705
2025-06-10 02:00,2.7885261145187097
2025-06-10 03:00,6.982678073812224
2025-06-10 04:00,10.096457448980813
2025-06-10 05:00,5.379399429118487
2025-06-10 06:00,4.798546311359681
2025-06-10 07:00,7.10450712980861
2025-06-10 08:00,6.8764769385274
2025-06-10 09:00,2.450302650176173
2025-06-10 10:00,0.8924391566495878
2025-06-10 11:00,3.582854165259655
2025-06-10 12:00,6.273873758424379
2025-06-10 13:00,8.192189394799499
2025-06-10 14:00,8.379491891532384
2025-06-10 15:00,13.401858614835815
2025-06-10 16:00,10.235702283051411
2025-06-10 17:00,5.5012695891771415
2025-06-10 18:00,4.89541537512597
2025-06-10 19:00,7.21350248344772
2025-06-10 20:00,6.460921540494138
2025-06-10 21:00,1.3187657693661552
2025-06-10 22:00,1.2600728386297049
2025-06-10 23:00,3.145363970472191
2025-06-11 00:00,1.8922553699483249
2025-06-11 01:00,1.9309274969261654
2025-06-11 02:00,3.056664471126197
2025-06-11 03:00,4.0469377708353615
2025-06-11 04:00,5.19653313304298
2025-06-11 05:00,2.178509777076815
2025-06-11 06:00,1.581580120441451
2025-06-11 07:00,0.7774377746461238
2025-06-11 08:00,0.9840338597965087
2025-06-11 09:00,1.3212348794498447
2025-06-11 10:00,2.3453137063175813
2025-06-11 11:00,5.233999801146657
2025-06-11 12:00,3.6730336991258747
2025-06-11 13:00,3.9135283972851957
2025-06-11 14:00,9.731595401981725
2025-06-11 15:00,11.371602525600409
2025-06-11 16:00,9.871992000510717
2025-06-11 17:00,10.97258391306665
2025-06-11 18:00,6.285455897725093
2025-06-11 19:00,3.6673251962760407
2025-06-11 20:00,4.669903684514718
2025-06-11 21:00,4.438363594795416
2025-06-11 22:00,2.9819343910966207
2025-06-11 23:00,0.8299841267157609
2025-06-12 00:00,0.4314037789446712
2025-06-12 01:00,0.0
2025-06-12 02:00,0.0004471806729005539
2025-06-12 03:00,0.4724686971200113
2025-06-12 04:00,0.07758199425772515
2025-06-12 05:00,0.0
2025-06-12 06:00,0.48392796730084575
2025-06-12 07:00,0.20041470994011168
2025-06-12 08:00,0.31468977990882385
2025-06-12 09:00,0.0
2025-06-12 10:00,0.13406161913056125
2025-06-12 11:00,0.236629806889741
2025-06-12 12:00,0.1914366852309721
2025-06-12 13:00,0.29747643536703805
2025-06-12 14:00,0.23185583604795704
2025-06-12 15:00,0.9159639673368452
2025-06-12 16:00,1.821238775074884
2025-06-12 17:00,0.9876972815477607
2025-06-12 18:00,1.8374413050422662
2025-06-12 19:00,2.6918230149713978
2025-06-12 20:00,1.0874887410248508
2025-06-12 21:00,0.21006480918337037
2025-06-12 22:00,0.050487481279021786
2025-06-12 23:00,0.10181150676217424
2025-06-13 00:00,0.10713659689049011
2025-06-13 01:00,0.27128610492696753
2025-06-13 02:00,0.12196905235924675
2025-06-13 03:00,0.31534827086548634
2025-06-13 04:00,0.7192583050618631
2025-06-13 05:00,0.4388898402246638
2025-06-13 06:00,0.4222112298110905
2025-06-13 07:00,0.04891588479001507
2025-06-13 08:00,0.34584750355427984
2025-06-13 09:00,0.7966412490591877
2025-06-13 10:00,0.8871220912697526
2025-06-13 11:00,0.30430805777193665
2025-06-13 12:00,0.7828423073180109
2025-06-13 13:00,4.750618430221939
2025-06-13 14:00,4.120988082855661
2025-06-13 15:00,7.2333876515360265
2025-06-13 16:00,8.420998783224157
2025-06-13 17:00,4.799980007833049
2025-06-13 18:00,7.8087781754387375
2025-06-13 19:00,13.52543434057863
2025-06-13 20:00,13.932055205587796
2025-06-13 21:00,14.028733017498878
2025-06-13 22:00,15.976652879218697
2025-06-13 23:00,14.003994488279753
2025-06-14 00:00,13.696092333976143
2025-06-14 01:00,21.40163833656241
2025-06-14 02:00,24.08261174338967
2025-06-14 03:00,33.2590876774678
2025-06-14 04:00,34.79684465053888
2025-06-14 05:00,34.758416450046084
2025-06-14 06:00,37.90371100349241
2025-06-14 07:00,31.259905584425432
2025-06-14 08:00,31.417910727958812
2025-06-14 09:00,30.87737405015112
2025-06-14 10:00,28.89483560048204
2025-06-14 11:00,25.56308261912787
2025-06-14 12:00,24.009803936054446
2025-06-14 13:00,25.3290247353766
2025-06-14 14:00,20.465837943904276
2025-06-14 15:00,21.390361609807158
2025-06-14 16:00,20.67408079804114
2025-06-14 17:00,15.877307818059482
2025-06-14 18:00,14.661654917621842
2025-06-14 19:00,14.980272742234828
2025-06-14 20:00,9.86592143388663
2025-06-14 21:00,15.17443741966791
2025-06-14 22:00,5.610332350683493
2025-06-14 23:00,2.1322658375333248
2025-06-15 00:00,2.928137949743702
2025-06-15 01:00,2.910858355301669
2025-06-15 02:00,2.0671225283321544
2025-06-15 03:00,0.8183679390567672
2025-06-15 04:00,1.0859982719846015
2025-06-15 05:00,5.0239602835646915
2025-06-15 06:00,2.7874099510560937
2025-06-15 07:00,3.233888365453974
2025-06-15 08:00,2.9383516500447167
2025-06-15 09:00,3.3301778141242204
2025-06-15 10:00,2.910892314635655
2025-06-15 11:00,8.516000109778059
2025-06-15 12:00,13.447230027484267
2025-06-15 13:00,17.87327132077397
2025-06-15 14:00,19.559093659405494
2025-06-15 15:00,24.988470251614554
2025-06-15 16:00,27.893668290337743
2025-06-15 17:00,33.418981412846456
2025-06-15 18:00,35.48518315366585
2025-06-15 19:00,35.982710090816994
2025-06-15 20:00,36.38333679613974
2025-06-15 21:00,41.10586217236516
2025-06-15 22:00,38.99815288245594
2025-06-15 23:00,41.21285403068846
2025-06-16 00:00,41.122849807832864
2025-06-16 01:00,41.7828002800548
2025-06-16 02:00,40.26227990524708
2025-06-16 03:00,40.21238205548464
2025-06-16 04:00,37.82916424011861
2025-06-16 05:00,37.02624458787222
2025-06-16 06:00,35.18928838511941
2025-06-16 07:00,39.86096054098874
2025-06-16 08:00,40.85123074040432
2025-06-16 09:00,40.10722477380087
2025-06-16 10:00,34.03467800324825
2025-06-16 11:00,35.9869055183223
2025-06-16 12:00,32.94874975354182
2025-06-16 13:00,40.54886823668874
2025-06-16 14:00,38.210754900960865
2025-06-16 15:00,38.83961036756263
2025-06-16 16:00,35.92743140552946
2025-06-16 17:00,35.635682691325556
2025-06-16 18:00,40.09231706898033
2025-06-16 19:00,37.73350234040568
2025-06-16 20:00,41.646834443243876
2025-06-16 21:00,44.218783316077
2025-06-16 22:00,44.92112280636552
2025-06-16 23:00,45.73693072288039
2025-06-17 00:00,45.272761565333155
2025-06-17 01:00,47.704490909080235
2025-06-17 02:00,47.792836234641506
2025-06-17 03:00,47.32184063652928
2025-06-17 04:00,43.219100895481716
2025-06-17 05:00,42.94374289841089
2025-06-17 06:00,47.862394360782176
2025-06-17 07:00,45.22090351231935
2025-06-17 08:00,45.094021501297775
2025-06-17 09:00,43.3812548445771
2025-06-17 10:00,40.865655325460224
2025-06-17 11:00,42.01695222819836
2025-06-17 12:00,39.42818144544721
2025-06-17 13:00,35.67173136398898
2025-06-17 14:00,35.27226037566756
2025-06-17 15:00,34.87519889352339
2025-06-17 16:00,34.35297647366109
2025-06-17 17:00,29.247798281348153
2025-06-17 18:00,28.15139580542254
2025-06-17 19:00,23.958504906349994
2025-06-17 20:00,20.13060583200616
2025-06-17 21:00,17.70248714029809
2025-06-17 22:00,15.618427745191672
2025-06-17 23:00,15.552569889067835
2025-06-18 00:00,17.84069874872653
2025-06-18 01:00,15.437674552671655
2025-06-18 02:00,11.949798941878761
2025-06-18 03:00,6.591641518008119
2025-06-18 04:00,6.374476718561237
2025-06-18 05:00,4.907908539363276
2025-06-18 06:00,4.566767691656475
2025-06-18 07:00,1.4742849222400136
2025-06-18 08:00,0.4774804762697517
2025-06-18 09:00,0.1457408605929364
2025-06-18 10:00,0.25799680894266536
2025-06-18 11:00,0.013530308460003323
2025-06-18 12:00,0.0
2025-06-18 13:00,0.1768904816071365
2025-06-18 14:00,0.185309441070092
2025-06-18 15:00,1.9811811245664224
2025-06-18 16:00,0.824498247103851
2025-06-18 17:00,0.7165798551181116
2025-06-18 18:00,0.0
2025-06-18 19:00,0.5371486749783142
2025-06-18 20:00,0.7593045064859163
2025-06-18 21:00,0.26005252576756754
2025-06-18 22:00,0.684993375169404
2025-06-18 23:00,1.9554919696132056
2025-06-19 00:00,1.9231982449900646
2025-06-19 01:00,0.9758408634221479
2025-06-19 02:00,0.4521354883054577
2025-06-19 03:00,1.6733805042214824
2025-06-19 04:00,0.5491315390494385
2025-06-19 05:00,0.026574980121850823
2025-06-19 06:00,0.0
2025-06-19 07:00,0.049385239912379184
2025-06-19 08:00,0.08100872259095704
2025-06-19 09:00,0.008231906301839327
2025-06-19 10:00,0.5061567031488898
2025-06-19 11:00,0.1541047267244905
2025-06-19 12:00,3.403981682786074
2025-06-19 13:00,2.7645658206527477
2025-06-19 14:00,7.4823547977438745
2025-06-19 15:00,8.042026936619433
2025-06-19 16:00,14.501413411285899
2025-06-19 17:00,16.62291651119481
2025-06-19 18:00,22.715974385521687
2025-06-19 19:00,18.65681678927512
2025-06-19 20:00,22.89643681560803
2025-06-19 21:00,33.46172557241897
2025-06-19 22:00,29.98758270166402
2025-06-19 23:00,37.154947345802185
2025-06-20 00:00,38.3306678078894
2025-06-20 01:00,40.89559157211408
2025-06-20 02:00,34.67300858688972
2025-06-20 03:00,33.80171779674289
2025-06-20 04:00,38.145246452677156
2025-06-20 05:00,36.82161479851904
2025-06-20 06:00,42.6232184197699
2025-06-20 07:00,44.24555602206145
2025-06-20 08:00,42.47045110504172
2025-06-20 09:00,41.17832953806145
2025-06-20 10:00,39.585070614505746
2025-06-20 11:00,41.03273840180941
2025-06-20 12:00,40.9153807348113
2025-06-20 13:00,48.13720497781865
2025-06-20 14:00,48.977321422703554
2025-06-20 15:00,48.10326174270202
2025-06-20 16:00,51.30564388380216
2025-06-20 17:00,50.46630736575864
2025-06-20 18:00,51.48932338773649
2025-06-20 19:00,52.088278817996986
2025-06-20 20:00,50.60006303555015
2025-06-20 21:00,47.86610488256083
2025-06-20 22:00,45.97301109005534
2025-06-20 23:00,44.67750432100233
2025-06-21 00:00,47.691140839324916
2025-06-21 01:00,43.68582083253666
2025-06-21 02:00,43.09914978682772
2025-06-21 03:00,42.8143305186515
2025-06-21 04:00,48.00503815870243
2025-06-21 05:00,50.24374338759982
2025-06-21 06:00,48.103633286598935
2025-06-21 07:00,48.49244564203831
2025-06-21 08:00,44.12892747967338
2025-06-21 09:00,35.92963269889256
2025-06-21 10:00,33.56368342821371
2025-06-21 11:00,32.71433845318196
2025-06-21 12:00,32.19784623006952
2025-06-21 13:00,39.01726311716108
2025-06-21 14:00,34.75294940782351
2025-06-21 15:00,34.026143242973404
2025-06-21 16:00,24.5358844845214
2025-06-21 17:00,19.792444219643286
2025-06-21 18:00,13.900952414655816
2025-06-21 19:00,11.283055518840158
2025-06-21 20:00,6.44718182567493
2025-06-21 21:00,2.2564910429661342
2025-06-21 22:00,2.094864060205632
2025-06-21 23:00,2.640971639466631
2025-06-22 00:00,1.263215230356312
2025-06-22 01:00,0.4245144689427061
2025-06-22 02:00,0.07806800691326612
2025-06-22 03:00,0.7316236620148315
2025-06-22 04:00,0.3406114004981229
2025-06-22 05:00,0.5795594318771973
2025-06-22 06:00,1.4958339823257043
2025-06-22 07:00,0.7955000552557372
2025-06-22 08:00,1.3185098746527397
2025-06-22 09:00,1.87116895520793
2025-06-22 10:00,0.7055120338191516
2025-06-22 11:00,0.6013687548561659
2025-06-22 12:00,0.429432363149335
2025-06-22 13:00,0.6164999795967113
2025-06-22 14:00,1.0516751595357312
2025-06-22 15:00,1.6643047494324197
2025-06-22 16:00,1.8632852535394622
2025-06-22 17:00,1.7773204791897055
2025-06-22 18:00,1.4927975756381904
2025-06-22 19:00,0.24370041342663318
2025-06-22 20:00,0.27804042382447314
2025-06-22 21:00,0.21328867105499044
2025-06-22 22:00,0.2882319720267832
2025-06-22 23:00,0.3361218642835602
2025-06-23 00:00,0.13636756374228537
2025-06-23 01:00,0.0
2025-06-23 02:00,0.005911940823849649
2025-06-23 03:00,0.0
2025-06-23 04:00,0.0
2025-06-23 05:00,0.20343474954385057
2025-06-23 06:00,0.784603420688645
2025-06-23 07:00,0.315340231413651
2025-06-23 08:00,0.35319692469641545
2025-06-23 09:00,0.32535744225498875
2025-06-23 10:00,0.157289788286269
2025-06-23 11:00,0.6161840950095723
2025-06-23 12:00,0.7877005264708501
2025-06-23 13:00,0.11206822210669679
2025-06-23 14:00,2.344054227094445
2025-06-23 15:00,3.5729395808473114
2025-06-23 16:00,2.385144854488276
2025-06-23 17:00,1.3203710734662062
2025-06-23 18:00,1.5484505687162615
2025-06-23 19:00,0.9033332116014487
2025-06-23 20:00,1.107644148278741
2025-06-23 21:00,3.5206802597464844
2025-06-23 22:00,1.0228447458027399
2025-06-23 23:00,1.100424307084074
2025-06-24 00:00,0.8163661315993722
2025-06-24 01:00,1.905755837057098
2025-06-24 02:00,1.5572562927058877
2025-06-24 03:00,1.3032053624090656
2025-06-24 04:00,2.5097810922469654
2025-06-24 05:00,2.867085143574182
2025-06-24 06:00,1.3287753406421332
2025-06-24 07:00,0.6261754092011869
2025-06-24 08:00,1.1593127897888178
2025-06-24 09:00,0.5815021168110155
2025-06-24 10:00,0.2335655278370041
2025-06-24 11:00,0.14816558653772852
2025-06-24 12:00,0.23037913680978794
2025-06-24 13:00,0.04551164909991104
2025-06-24 14:00,0.2958811733630723
2025-06-24 15:00,0.5078209333426198
2025-06-24 16:00,0.4692073058849414
2025-06-24 17:00,0.5907902034188717
2025-06-24 18:00,2.341796633345515
2025-06-24 19:00,1.0060717467997429
2025-06-24 20:00,0.9314908258867249
2025-06-24 21:00,0.43104315288683215
2025-06-24 22:00,0.06716119888190264
2025-06-24 23:00,0.17637173218504287
2025-06-25 00:00,0.20508802109003837
2025-06-25 01:00,0.4043960212653296
2025-06-25 02:00,0.10522680572167765
2025-06-25 03:00,0.268535243651349
2025-06-25 04:00,2.5554626738216966
2025-06-25 05:00,4.797321263831634
2025-06-25 06:00,4.373638078014496
2025-06-25 07:00,10.793015554582663
2025-06-25 08:00,8.556095424184026
2025-06-25 09:00,9.537196682080925
2025-06-25 10:00,7.278396797956412
2025-06-25 11:00,7.700856220031435
2025-06-25 12:00,16.215451041755724
2025-06-25 13:00,9.103539605344858
2025-06-25 14:00,6.6943071004059
2025-06-25 15:00,11.213882374229692
2025-06-25 16:00,13.111658834615408
2025-06-25 17:00,19.374426360634526
2025-06-25 18:00,19.438636060172755
2025-06-25 19:00,23.253100419086575
2025-06-25 20:00,24.245125403365396
2025-06-25 21:00,14.668561650898155
2025-06-25 22:00,10.165528881348472
2025-06-25 23:00,12.394218332592924
2025-06-26 00:00,12.672872172915664
2025-06-26 01:00,10.912814524797628
2025-06-26 02:00,7.027139325059031
2025-06-26 03:00,6.010851406284246
2025-06-26 04:00,9.470256451570174
2025-06-26 05:00,4.7732028466595695
2025-06-26 06:00,5.478671956890259
2025-06-26 07:00,2.905479050694331
2025-06-26 08:00,1.414636154215632
2025-06-26 09:00,0.7131246924142121
2025-06-26 10:00,0.6587661728295169
2025-06-26 11:00,0.0361420591084895
2025-06-26 12:00,0.053862445906221745
2025-06-26 13:00,0.0
2025-06-26 14:00,0.04707833328838662
2025-06-26 15:00,0.6355471819211527
2025-06-26 16:00,1.903036987970275
2025-06-26 17:00,2.0345091157085013
2025-06-26 18:00,1.0465757711835557
2025-06-26 19:00,1.2783894459426077
2025-06-26 20:00,0.23405899467908267
2025-06-26 21:00,0.32834511737178157
2025-06-26 22:00,0.35882271273067423
2025-06-26 23:00,0.8405040743065157
2025-06-27 00:00,0.753691271391418
2025-06-27 01:00,0.5958134040206942
2025-06-27 02:00,0.3862341435977547
2025-06-27 03:00,0.4459185637516637
2025-06-27 04:00,0.39478728500929305
2025-06-27 05:00,0.7226181801186367
2025-06-27 06:00,0.054169767269810556
2025-06-27 07:00,0.2201263964201372
2025-06-27 08:00,0.49520048799709615
2025-06-27 09:00,0.49892562438783983
2025-06-27 10:00,0.1643795149721322
2025-06-27 11:00,0.31308209279453125
2025-06-27 12:00,0.314352390460546
2025-06-27 13:00,0.2740237496918952
2025-06-27 14:00,0.22728228882295115
2025-06-27 15:00,0.09961765676789218
2025-06-27 16:00,0.07942707103150091
2025-06-27 17:00,0.2912536469411884
2025-06-27 18:00,0.5854435165840353
2025-06-27 19:00,0.6228341782868889
2025-06-27 20:00,0.8416953598776122
2025-06-27 21:00,2.1846485056108214
2025-06-27 22:00,1.0571598291728166
2025-06-27 23:00,2.6499560945756557
2025-06-28 00:00,5.064819704033138
2025-06-28 01:00,6.126549128033938
2025-06-28 02:00,5.004605598240682
2025-06-28 03:00,3.109585885994699
2025-06-28 04:00,3.317324484949509
2025-06-28 05:00,1.3631417124447753
2025-06-28 06:00,3.456497880644874
2025-06-28 07:00,3.7055897627599146
2025-06-28 08:00,1.6156187533521877
2025-06-28 09:00,2.1814929088543726
2025-06-28 10:00,3.3902734249227464
2025-06-28 11:00,9.230645187515233
2025-06-28 12:00,9.311657223517276
2025-06-28 13:00,11.08850074354249
2025-06-28 14:00,11.041928001933783
2025-06-28 15:00,14.484345251625655
2025-06-28 16:00,10.109392104371627
2025-06-28 17:00,18.571006441082297
2025-06-28 18:00,11.638143466743262
2025-06-28 19:00,16.749284826230507
2025-06-28 20:00,13.620005378877478
2025-06-28 21:00,15.092674157891544
2025-06-28 22:00,13.155650307173719
2025-06-28 23:00,9.239647842653532
2025-06-29 00:00,9.069616566085278
2025-06-29 01:00,5.236063938987217
2025-06-29 02:00,5.054401489126291
2025-06-29 03:00,2.069068351319977
2025-06-29 04:00,1.4869758148517231
2025-06-29 05:00,2.824132314542399
2025-06-29 06:00,0.9959426184953784
2025-06-29 07:00,1.2430148367915805
2025-06-29 08:00,3.7462930643061707
2025-06-29 09:00,4.180737513647308
2025-06-29 10:00,4.421541834404517
2025-06-29 11:00,4.087780445387391
2025-06-29 12:00,3.6731308989873575
2025-06-29 13:00,6.807856872706298
2025-06-29 14:00,6.685406926810418
2025-06-29 15:00,10.522839486694586
2025-06-29 16:00,11.527745489138464
2025-06-29 17:00,11.229596314159359
2025-06-29 18:00,7.828444509023418
2025-06-29 19:00,9.363887822103896
2025-06-29 20:00,7.352196309339989
2025-06-29 21:00,1.4130667338628329
2025-06-29 22:00,1.0067931387317952
2025-06-29 23:00,0.37592886865128783
2025-06-30 00:00,0.7441454827023669
2025-06-30 01:00,0.224252059340961
2025-06-30 02:00,0.19409475388873804
2025-06-30 03:00,0.5488409602242459
2025-06-30 04:00,0.7222406539517545
2025-06-30 05:00,0.5413181616902449
2025-06-30 06:00,0.299882054742995
2025-06-30 07:00,0.24779995931902216
2025-06-30 08:00,0.3805730033453021
2025-06-30 09:00,0.16287317113705696
2025-06-30 10:00,0.7538606552636137
2025-06-30 11:00,0.6656605194115688
2025-06-30 12:00,1.5420812161246182
2025-06-30 13:00,3.855714639922172
2025-06-30 14:00,3.429692413189084
2025-06-30 15:00,4.380166576890431
2025-06-30 16:00,4.846756276870503
2025-06-30 17:00,6.2180696495788315
2025-06-30 18:00,3.1212365969315368
2025-06-30 19:00,0.4929386331229192
2025-06-30 20:00,0.3752259627335084
2025-06-30 21:00,0.48924672827248405
2025-06-30 22:00,0.827959011559041
2025-06-30 23:00,0.1866406998759317
2025-07-01 00:00,0.5641338541792023
2025-07-01 01:00,0.8826258341001356
2025-07-01 02:00,0.7442730717150339
2025-07-01 03:00,0.04499905801862788
2025-07-01 04:00,0.003630954565823988
2025-07-01 05:00,1.5735021009781571
2025-07-01 06:00,1.0966728607699596
2025-07-01 07:00,0.6635537523438267
2025-07-01 08:00,1.056747277142127
2025-07-01 09:00,3.116975192646488
2025-07-01 10:00,2.281387368472734
2025-07-01 11:00,3.244581806474523
2025-07-01 12:00,3.7076608726465845
2025-07-01 13:00,3.79729338630063
2025-07-01 14:00,6.301563513554436
2025-07-01 15:00,6.355817014196219
2025-07-01 16:00,6.07708895319297
2025-07-01 17:00,5.412818196000673
2025-07-01 18:00,4.080783880387138
2025-07-01 19:00,3.894684626407482
2025-07-01 20:00,2.8684074596501965
2025-07-01 21:00,2.856858106295328
2025-07-01 22:00,2.631587001911621
2025-07-01 23:00,1.2659876196293145
2025-07-02 00:00,3.5523608013551824
2025-07-02 01:00,3.0138151782311624
2025-07-02 02:00,4.3074291478717495
2025-07-02 03:00,5.605371335497951
2025-07-02 04:00,4.306397741683728
2025-07-02 05:00,3.7909397068609616
2025-07-02 06:00,3.4238997000400717
2025-07-02 07:00,5.44511297719975
2025-07-02 08:00,5.900515996701981
2025-07-02 09:00,6.272428821835086
2025-07-02 10:00,5.739892794691867
2025-07-02 11:00,8.410093464258798
2025-07-02 12:00,8.85323065042826
2025-07-02 13:00,9.456439416353565
2025-07-02 14:00,6.285643967295119
2025-07-02 15:00,6.80422989925216
2025-07-02 16:00,3.7748921824195016
2025-07-02 17:00,4.225279817769134
2025-07-02 18:00,2.6369338776775404
2025-07-02 19:00,5.402414227838057
2025-07-02 20:00,4.324087813784168
2025-07-02 21:00,2.076528385304815
2025-07-02 22:00,1.349345083328548
2025-07-02 23:00,2.400398854979934
2025-07-03 00:00,2.429356012825419
2025-07-03 01:00,4.179405177257061
2025-07-03 02:00,4.705472173792087
2025-07-03 03:00,5.423815227911163
2025-07-03 04:00,9.075816600482458
2025-07-03 05:00,9.328390678674129
2025-07-03 06:00,8.731511235481817
2025-07-03 07:00,6.089198106780282
2025-07-03 08:00,6.719459097640056
2025-07-03 09:00,6.900841255291139
2025-07-03 10:00,9.679558142332901
2025-07-03 11:00,9.732534207327962
2025-07-03 12:00,6.205928141513127
2025-07-03 13:00,6.061303687869471
2025-07-03 14:00,6.508109870910136
2025-07-03 15:00,7.520202011111832
2025-07-03 16:00,7.177027572863439
2025-07-03 17:00,7.183305287939331
2025-07-03 18:00,7.835653871968592
2025-07-03 19:00,8.607151196967266
2025-07-03 20:00,6.739131059420616
2025-07-03 21:00,8.669676695281371
2025-07-03 22:00,9.543602069538327
2025-07-03 23:00,12.429222237957976
2025-07-04 00:00,11.705975065686289
2025-07-04 01:00,13.523177355784885
2025-07-04 02:00,17.3918885664477
2025-07-04 03:00,16.700829764863556
2025-07-04 04:00,23.976654778985683
2025-07-04 05:00,26.035119686065144
2025-07-04 06:00,26.05718327026048
2025-07-04 07:00,30.386413553016006
2025-07-04 08:00,25.02170535616714
2025-07-04 09:00,23.960207632712248
2025-07-04 10:00,19.262514127242813
2025-07-04 11:00,17.272827033638137
2025-07-04 12:00,24.267750136586518
2025-07-04 13:00,19.951433462998068
2025-07-04 14:00,19.831826062967654
2025-07-04 15:00,20.746001422591434
2025-07-04 16:00,19.048592525698176
2025-07-04 17:00,23.53903273414135
2025-07-04 18:00,17.521739967419556
2025-07-04 19:00,22.751807765911682
2025-07-04 20:00,22.7675396044357
2025-07-04 21:00,18.241785907958374
2025-07-04 22:00,16.14300343905783
2025-07-04 23:00,13.76332548863574
2025-07-05 00:00,12.99384808005166
2025-07-05 01:00,11.181792018297998
2025-07-05 02:00,10.449105769653851
2025-07-05 03:00,10.207448037099194
2025-07-05 04:00,9.446533558022267
2025-07-05 05:00,15.395529386515483
2025-07-05 06:00,20.624200595069908
2025-07-05 07:00,22.226726567797087
2025-07-05 08:00,22.816107520587664
2025-07-05 09:00,16.253112796030095
2025-07-05 10:00,14.744325864886996
2025-07-05 11:00,18.310755421409013
2025-07-05 12:00,14.686820764587775
2025-07-05 13:00,13.976146660541218
2025-07-05 14:00,15.13956210078112
2025-07-05 15:00,13.455425878434347
2025-07-05 16:00,9.374562348307256
2025-07-05 17:00,13.557575494333776
2025-07-05 18:00,11.202222961811907
2025-07-05 19:00,15.83860948129838
2025-07-05 20:00,16.095033316766308
2025-07-05 21:00,9.243137602736166
2025-07-05 22:00,11.34514119262081
2025-07-05 23:00,11.176778143277838
2025-07-06 00:00,9.96255320572494
2025-07-06 01:00,10.588235261828501
2025-07-06 02:00,9.918824118610004
2025-07-06 03:00,8.620614296985835
2025-07-06 04:00,8.467413246993077
2025-07-06 05:00,7.7575357212938965
2025-07-06 06:00,7.990090575998208
2025-07-06 07:00,6.284208603837556
2025-07-06 08:00,5.831503216738614
2025-07-06 09:00,6.588100176809759
2025-07-06 10:00,5.219452582820306
2025-07-06 11:00,3.435277748654861
2025-07-06 12:00,6.576701402433618
2025-07-06 13:00,5.965775891340786
2025-07-06 14:00,7.7838210017048866
2025-07-06 15:00,4.751241987282875
2025-07-06 16:00,7.838616983381806
2025-07-06 17:00,6.253331702139221
2025-07-06 18:00,8.157412665085142
2025-07-06 19:00,9.750644695336842
2025-07-06 20:00,10.230657246257572
2025-07-06 21:00,9.399272800876023
2025-07-06 22:00,7.988229929716241
2025-07-06 23:00,4.557443425163289
2025-07-07 00:00,6.272904497729851
2025-07-07 01:00,3.4861184933237874
2025-07-07 02:00,3.454896446456072
2025-07-07 03:00,1.7656991075904973
2025-07-07 04:00,2.1168765400826337
2025-07-07 05:00,0.9286243834079281
2025-07-07 06:00,0.6692714813798499
2025-07-07 07:00,0.08008861588457032
2025-07-07 08:00,0.13153913054316357
2025-07-07 09:00,0.16096952919514407
2025-07-07 10:00,0.09364524515508227
2025-07-07 11:00,0.0906789087026006
2025-07-07 12:00,0.13795460028628204
2025-07-07 13:00,2.1126786209733694
2025-07-07 14:00,1.563160550412095
2025-07-07 15:00,4.019612379755075
2025-07-07 16:00,2.9181182620167383
2025-07-07 17:00,4.7191759511576725
2025-07-07 18:00,4.417867249058552
2025-07-07 19:00,5.937795883321707
2025-07-07 20:00,2.435814759717058
2025-07-07 21:00,0.7836578004571808
2025-07-07 22:00,0.8362577874781916
2025-07-07 23:00,0.24425930295661474
2025-07-08 00:00,0.4821006021525411
2025-07-08 01:00,0.7355731524797671
2025-07-08 02:00,0.33868183880866143
2025-07-08 03:00,0.14981435014225816
2025-07-08 04:00,0.686240204931057
2025-07-08 05:00,1.3816119720829592
2025-07-08 06:00,0.7158144050263231
2025-07-08 07:00,0.41584773817417275
2025-07-08 08:00,0.016138505873323553
2025-07-08 09:00,0.26829605923555455
2025-07-08 10:00,0.18628602924869062
2025-07-08 11:00,1.2884457048001718
2025-07-08 12:00,0.02331635952943178
2025-07-08 13:00,0.49934189633240145
2025-07-08 14:00,0.34397609190482675
2025-07-08 15:00,5.583259352207648
2025-07-08 16:00,3.4832619181302347
2025-07-08 17:00,4.4693325081039
2025-07-08 18:00,4.742460695226906
2025-07-08 19:00,7.520788300053868
2025-07-08 20:00,3.669526567995855
2025-07-08 21:00,3.5418172919929836
2025-07-08 22:00,2.538522389296165
2025-07-08 23:00,1.7342048008483966
2025-07-09 00:00,2.436695079028991
2025-07-09 01:00,1.6236594849843646
2025-07-09 02:00,0.7640602198684424
2025-07-09 03:00,0.8679172354205013
2025-07-09 04:00,1.7497827728165336
2025-07-09 05:00,1.023614405358386
2025-07-09 06:00,0.5365603538980019
2025-07-09 07:00,1.1995609556380575
2025-07-09 08:00,1.7806149611802504
2025-07-09 09:00,0.8858083592936568
2025-07-09 10:00,1.3197715452185994
2025-07-09 11:00,0.6988773520582597
2025-07-09 12:00,0.13248511751884082
2025-07-09 13:00,1.9115266714461308
2025-07-09 14:00,4.378551736576444
2025-07-09 15:00,5.4976499138593145
2025-07-09 16:00,2.6845889293622403
2025-07-09 17:00,2.614600913258997
2025-07-09 18:00,3.7821939347337765
2025-07-09 19:00,4.613519387635164
2025-07-09 20:00,2.8273580554638724
2025-07-09 21:00,1.9646945561772955
2025-07-09 22:00,1.4598672579992513
2025-07-09 23:00,1.29731240902908
2025-07-10 00:00,1.4826908868576005
2025-07-10 01:00,1.522197959946674
2025-07-10 02:00,1.9593162133130662
2025-07-10 03:00,1.940476912468799
2025-07-10 04:00,2.769700502881105
2025-07-10 05:00,2.5393283295363354
2025-07-10 06:00,2.0519242453117994
2025-07-10 07:00,4.244060545361571
2025-07-10 08:00,5.6138991956635955
2025-07-10 09:00,3.1432077515638452
2025-07-10 10:00,6.897051340423255
2025-07-10 11:00,11.952997219819785
2025-07-10 12:00,9.298367228745603
2025-07-10 13:00,12.89407586381748
2025-07-10 14:00,15.241375462610769
2025-07-10 15:00,19.573533523404034
2025-07-10 16:00,22.206829876262084
2025-07-10 17:00,22.820583173299507
2025-07-10 18:00,22.059308289034533
2025-07-10 19:00,16.85276765228653
2025-07-10 20:00,18.017702472350706
2025-07-10 21:00,11.94610138222285
2025-07-10 22:00,12.434893927460914
2025-07-10 23:00,12.033373968556955
2025-07-11 00:00,9.998608886265034
2025-07-11 01:00,10.85852956209429
2025-07-11 02:00,12.594658830540624
2025-07-11 03:00,11.788889737413712
2025-07-11 04:00,10.85814939654595
2025-07-11 05:00,12.576757001035707
2025-07-11 06:00,15.25099492423307
2025-07-11 07:00,13.13800408901092
2025-07-11 08:00,13.412280400986052
2025-07-11 09:00,14.298642864112889
2025-07-11 10:00,8.208516728854715
2025-07-11 11:00,6.372863192988431
2025-07-11 12:00,8.771590757751543
2025-07-11 13:00,8.383162818312549
2025-07-11 14:00,6.518894227800725
2025-07-11 15:00,8.772028357490289
2025-07-11 16:00,12.22728768723862
2025-07-11 17:00,12.3461373736488
2025-07-11 18:00,15.195884912918059
2025-07-11 19:00,15.73136403473173
2025-07-11 20:00,14.52289551450837
2025-07-11 21:00,11.907534289650387
2025-07-11 22:00,7.283370949232367
2025-07-11 23:00,4.113001253692917
2025-07-12 00:00,6.434524510126352
2025-07-12 01:00,5.33947898703636
2025-07-12 02:00,3.4483798498941303
2025-07-12 03:00,5.321286881789361
2025-07-12 04:00,4.278409679642414
2025-07-12 05:00,3.582251103200322
2025-07-12 06:00,3.9152358909274882
2025-07-12 07:00,2.9738871269935685
2025-07-12 08:00,1.0154944900071468
2025-07-12 09:00,0.0
2025-07-12 10:00,0.5711817229682508
2025-07-12 11:00,0.2727132934269955
2025-07-12 12:00,0.0
2025-07-12 13:00,0.0
2025-07-12 14:00,0.6637856772844775
2025-07-12 15:00,1.8600862193162497
2025-07-12 16:00,3.074447053707118
2025-07-12 17:00,3.5093379449037334
2025-07-12 18:00,1.591794004447006
2025-07-12 19:00,0.8784109918472018
2025-07-12 20:00,0.8717587946503804
2025-07-12 21:00,0.5809193815055747
2025-07-12 22:00,0.16202463470708367
2025-07-12 23:00,0.0
2025-07-13 00:00,0.7525643313224089
2025-07-13 01:00,0.937791426773367
2025-07-13 02:00,0.7173118113672151
2025-07-13 03:00,0.8884834699911669
2025-07-13 04:00,0.6023742237573013
2025-07-13 05:00,0.3426970197502687
2025-07-13 06:00,0.22048415553848227
2025-07-13 07:00,0.1637055195708947
2025-07-13 08:00,0.12354979068451308
2025-07-13 09:00,0.07914573923063825
2025-07-13 10:00,0.11238862545579892
2025-07-13 11:00,0.10467544759593901
2025-07-13 12:00,0.19826208401239226
2025-07-13 13:00,0.5646336297536418
2025-07-13 14:00,0.43878809331738305
2025-07-13 15:00,0.38165797184264244
2025-07-13 16:00,0.6304977922176078
2025-07-13 17:00,0.30148306928401686
2025-07-13 18:00,0.7303260708744943
2025-07-13 19:00,0.23917016338278935
2025-07-13 20:00,1.0061569576634257
2025-07-13 21:00,1.5584984484756372
2025-07-13 22:00,1.8536253655628303
2025-07-13 23:00,3.5020240526433133
2025-07-14 00:00,5.518753221919377
2025-07-14 01:00,4.335797076119736
2025-07-14 02:00,4.867339790678155
2025-07-14 03:00,3.3481481165261866
2025-07-14 04:00,1.6262323696683514
2025-07-14 05:00,0.2863157365373974
2025-07-14 06:00,0.4017298929254236
2025-07-14 07:00,0.6468729271350977
2025-07-14 08:00,0.8123949628834932
2025-07-14 09:00,0.5050438180413
2025-07-14 10:00,2.8415763195800725
2025-07-14 11:00,2.0228317487296805
2025-07-14 12:00,0.6698953664260423
2025-07-14 13:00,4.211145965249321
2025-07-14 14:00,9.363708032037428
2025-07-14 15:00,11.462809438651544
2025-07-14 16:00,12.036418852944553
2025-07-14 17:00,9.595853810133008
2025-07-14 18:00,24.177707956049765
2025-07-14 19:00,19.738543952382738
2025-07-14 20:00,14.848471550284295
2025-07-14 21:00,9.610456486990394
2025-07-14 22:00,11.805074445642985
2025-07-14 23:00,9.408394789827083
2025-07-15 00:00,5.294081568175905
2025-07-15 01:00,11.257655817446484
2025-07-15 02:00,8.6136479862476
2025-07-15 03:00,9.979080720959596
2025-07-15 04:00,6.37145917911749
2025-07-15 05:00,8.582903362893196
2025-07-15 06:00,10.234036169225293
2025-07-15 07:00,17.321896919354344
2025-07-15 08:00,10.298537735887074
2025-07-15 09:00,16.31981829482421
2025-07-15 10:00,3.0413842713877526
2025-07-15 11:00,8.585652756221135
2025-07-15 12:00,12.62968690305981
2025-07-15 13:00,7.764191890439938
2025-07-15 14:00,6.299798497145858
2025-07-15 15:00,4.893075460695348
2025-07-15 16:00,6.318933962763829
2025-07-15 17:00,2.225052586152592
2025-07-15 18:00,7.215528238107954
2025-07-15 19:00,5.08839112362905
2025-07-15 20:00,13.213837435405498
2025-07-15 21:00,12.51022619713114
2025-07-15 22:00,14.750311658112572
2025-07-15 23:00,17.532403575192873
2025-07-16 00:00,19.593284173306493
2025-07-16 01:00,22.603301482146044
2025-07-16 02:00,21.601771211162717
2025-07-16 03:00,25.078956131036595
2025-07-16 04:00,21.118864990337894
2025-07-16 05:00,23.30354840175209
2025-07-16 06:00,26.83544155064711
2025-07-16 07:00,27.102230056997392
2025-07-16 08:00,27.347899293138276
2025-07-16 09:00,29.10884246314169
2025-07-16 10:00,28.93820461546362
2025-07-16 11:00,29.213554464644346
2025-07-16 12:00,31.744807997039267
2025-07-16 13:00,29.43647088036048
2025-07-16 14:00,33.80709729841768
2025-07-16 15:00,34.96220231644199
2025-07-16 16:00,35.28065033272112
2025-07-16 17:00,34.404187538552236
2025-07-16 18:00,33.41943243288451
2025-07-16 19:00,36.50785622431459
2025-07-16 20:00,39.27838850334942
2025-07-16 21:00,46.43836654507031
2025-07-16 22:00,50.65004637661329
2025-07-16 23:00,49.50801979412279
2025-07-17 00:00,43.92274588140579
2025-07-17 01:00,44.89909886583945
2025-07-17 02:00,45.32182675255564
2025-07-17 03:00,41.57366076012203
2025-07-17 04:00,41.08260904422258
2025-07-17 05:00,40.79760390769144
2025-07-17 06:00,40.179040751049975
2025-07-17 07:00,37.87210271647233
2025-07-17 08:00,33.50115180062646
2025-07-17 09:00,30.41727610452822
2025-07-17 10:00,25.783583954195286
2025-07-17 11:00,25.13992389375519
2025-07-17 12:00,28.171750880349432
2025-07-17 13:00,28.57346911207107
2025-07-17 14:00,27.569208196763757
2025-07-17 15:00,26.060223589731503
2025-07-17 16:00,30.147889404746486
2025-07-17 17:00,34.655596942925285
2025-07-17 18:00,37.6564404428514
2025-07-17 19:00,39.91599706548047
2025-07-17 20:00,38.93882041504678
2025-07-17 21:00,40.29114953065026
2025-07-17 22:00,38.729655123907094
2025-07-17 23:00,41.958460019116046
2025-07-18 00:00,41.88555309478005
2025-07-18 01:00,41.22916608495976
2025-07-18 02:00,45.32533897491406
2025-07-18 03:00,42.38663926135398
2025-07-18 04:00,38.97781608301621
2025-07-18 05:00,40.260186898975874
2025-07-18 06:00,36.62884309865814
2025-07-18 07:00,35.80579934445991
2025-07-18 08:00,32.71335124299068
2025-07-18 09:00,25.90784890202429
2025-07-18 10:00,18.92769405081306
2025-07-18 11:00,14.726769383170447
2025-07-18 12:00,13.353659952706952
2025-07-18 13:00,9.811304359851393
2025-07-18 14:00,17.29934104551493
2025-07-18 15:00,17.46119055773555
2025-07-18 16:00,2.069918862248864
2025-07-18 17:00,7.094182781106963
2025-07-18 18:00,6.93586797231758
2025-07-18 19:00,9.31873801499615
2025-07-18 20:00,5.420124087579985
2025-07-18 21:00,14.216639618374876
2025-07-18 22:00,8.691296295282967
2025-07-18 23:00,13.525294164627855
2025-07-19 00:00,15.074581485516795
2025-07-19 01:00,22.381651472713365
2025-07-19 02:00,21.749277378079704
2025-07-19 03:00,26.429010658728476
2025-07-19 04:00,25.965521231972346
2025-07-19 05:00,33.60852998708741
2025-07-19 06:00,34.08837847109657
2025-07-19 07:00,31.358244039726145
2025-07-19 08:00,33.86008095672045
2025-07-19 09:00,35.840709796485584
2025-07-19 10:00,34.706716383958415
2025-07-19 11:00,34.32457215742805
2025-07-19 12:00,29.809535033795218
2025-07-19 13:00,34.799253396837585
2025-07-19 14:00,35.80374908115674
2025-07-19 15:00,37.22323743470151
2025-07-19 16:00,32.60206897860243
2025-07-19 17:00,33.32160109062392
2025-07-19 18:00,31.721195890948348
2025-07-19 19:00,29.610381690713737
2025-07-19 20:00,29.597224980592493
2025-07-19 21:00,26.386109067088576
2025-07-19 22:00,19.11674422773985
2025-07-19 23:00,17.56422156167706
2025-07-20 00:00,17.133026802376634
2025-07-20 01:00,16.416935237229794
2025-07-20 02:00,11.721733213638013
2025-07-20 03:00,17.159662214754423
2025-07-20 04:00,18.562925715737485
2025-07-20 05:00,18.36070515471107
2025-07-20 06:00,21.69303817519968
2025-07-20 07:00,25.948207608205553
2025-07-20 08:00,24.85622680477966
2025-07-20 09:00,25.847704143518648
2025-07-20 10:00,22.913648441121676
2025-07-20 11:00,24.9179028015588
2025-07-20 12:00,27.444495365019524
2025-07-20 13:00,25.81827610793028
2025-07-20 14:00,26.32737483387497
2025-07-20 15:00,22.554576324683254
2025-07-20 16:00,19.72767135085531
2025-07-20 17:00,19.25391153612037
2025-07-20 18:00,15.447511887293333
2025-07-20 19:00,15.215727272065031
2025-07-20 20:00,19.059422245932303
2025-07-20 21:00,12.950326868556285
2025-07-20 22:00,16.782150682476264
2025-07-20 23:00,18.414868481114812
2025-07-21 00:00,16.10189428097263
2025-07-21 01:00,13.929123965730431
2025-07-21 02:00,15.760120871673834
2025-07-21 03:00,10.106401321992161
2025-07-21 04:00,9.376697967768902
2025-07-21 05:00,10.389663749231188
2025-07-21 06:00,9.182061246822663
2025-07-21 07:00,11.143540482074556
2025-07-21 08:00,16.455846150532633
2025-07-21 09:00,15.933711166397963
2025-07-21 10:00,13.088085209192126
2025-07-21 11:00,16.2139197784545
2025-07-21 12:00,12.190995862429453
2025-07-21 13:00,4.824802514873364
2025-07-21 14:00,3.4211871082106375
2025-07-21 15:00,3.8106789524555547
2025-07-21 16:00,6.812517662110723
2025-07-21 17:00,3.8162189307303676
2025-07-21 18:00,1.8397286123433405
2025-07-21 19:00,1.7001568736877646
2025-07-21 20:00,1.8258062719865027
2025-07-21 21:00,1.477940365790319
2025-07-21 22:00,1.9016257346405663
2025-07-21 23:00,2.0052952655234733
2025-07-22 00:00,0.9665010892002971
2025-07-22 01:00,1.5187998373485576
2025-07-22 02:00,1.5589256962003415
2025-07-22 03:00,1.414869596007384
2025-07-22 04:00,1.27131752203374
2025-07-22 05:00,0.8067457429574507
2025-07-22 06:00,0.8532660586511764
2025-07-22 07:00,0.6756491272755432
2025-07-22 08:00,0.4552354572085999
2025-07-22 09:00,0.8050454459094363
2025-07-22 10:00,0.5341222061564623
2025-07-22 11:00,0.671818598159301
2025-07-22 12:00,0.675223280951289
2025-07-22 13:00,0.8334348621047449
2025-07-22 14:00,1.4900737891044837
2025-07-22 15:00,2.6230821024314133
2025-07-22 16:00,2.8165660272085735
2025-07-22 17:00,0.6897727445432389
2025-07-22 18:00,2.0165348426597083
2025-07-22 19:00,0.4460725839912212
2025-07-22 20:00,0.38131315432023166
2025-07-22 21:00,0.4713131870268784
2025-07-22 22:00,0.46115506779013704
2025-07-22 23:00,0.43295224793969234
2025-07-23 00:00,0.23720077693066993
2025-07-23 01:00,0.39137222807504046
2025-07-23 02:00,0.24713476259294542
2025-07-23 03:00,0.5747653838879507
2025-07-23 04:00,0.15938811898238026
2025-07-23 05:00,0.431351075170494
2025-07-23 06:00,0.18264515235517756
2025-07-23 07:00,0.040384692892736766
2025-07-23 08:00,0.1912807392637651
2025-07-23 09:00,0.3440041856606443
2025-07-23 10:00,0.23387431059752312
2025-07-23 11:00,0.0
2025-07-23 12:00,0.7060895812941382
2025-07-23 13:00,0.061067061185353044
2025-07-23 14:00,0.7358759467666741
2025-07-23 15:00,1.7831693816812884
2025-07-23 16:00,2.622474447486203
2025-07-23 17:00,4.0765994859245005
2025-07-23 18:00,1.4520619857523545
2025-07-23 19:00,1.5658688238645488
2025-07-23 20:00,0.4562952575215287
2025-07-23 21:00,0.23341296696513722
2025-07-23 22:00,0.25329054219200164
2025-07-23 23:00,0.40594660549656675
2025-07-24 00:00,0.4334537513251114
2025-07-24 01:00,0.4023021501941094
2025-07-24 02:00,0.4962756452917898
2025-07-24 03:00,0.5915305660834536
2025-07-24 04:00,1.365578328964732
2025-07-24 05:00,1.5891357464451175
2025-07-24 06:00,1.5361165336405755
2025-07-24 07:00,0.45497846048936375
2025-07-24 08:00,0.463882244589794
2025-07-24 09:00,0.44535073175652384
2025-07-24 10:00,0.22338222432329619
2025-07-24 11:00,0.23989680659999474
2025-07-24 12:00,0.548013773813351
2025-07-24 13:00,2.0146015592490722
2025-07-24 14:00,3.1737753013003567
2025-07-24 15:00,5.794227440336313
2025-07-24 16:00,4.180819156294786
2025-07-24 17:00,4.316608808800651
2025-07-24 18:00,5.347538391402226
2025-07-24 19:00,1.8667883531667813
2025-07-24 20:00,2.8520549053054323
2025-07-24 21:00,1.1301759371889104
2025-07-24 22:00,0.4806151629726487
2025-07-24 23:00,0.8405819146498232
2025-07-25 00:00,0.30368911436892265
2025-07-25 01:00,0.19659695934667515
2025-07-25 02:00,0.8439415328374871
2025-07-25 03:00,0.3935833620248944
2025-07-25 04:00,0.7069390700338475
2025-07-25 05:00,0.6638706297121766
2025-07-25 06:00,0.7708015718554103
2025-07-25 07:00,0.8652124328573583
2025-07-25 08:00,1.0366017312478097
2025-07-25 09:00,1.2212490056706646
2025-07-25 10:00,1.4134073220533887
2025-07-25 11:00,0.4610793060370571
2025-07-25 12:00,0.5130939630858791
2025-07-25 13:00,0.37198823767934663
2025-07-25 14:00,0.3422256535815781
2025-07-25 15:00,1.06650802212005
2025-07-25 16:00,3.218766355551243
2025-07-25 17:00,3.2005689686729015
2025-07-25 18:00,2.6361312710933333
2025-07-25 19:00,3.4648063579806925
2025-07-25 20:00,1.9672792245331752
2025-07-25 21:00,2.6474402010898777
2025-07-25 22:00,1.7735238482963682
2025-07-25 23:00,1.593559099827817
2025-07-26 00:00,2.006466551104965
2025-07-26 01:00,3.1971322683511136
2025-07-26 02:00,2.5552558923251847
2025-07-26 03:00,2.8237747673512716
2025-07-26 04:00,3.5663434089776636
2025-07-26 05:00,3.9067771440285597
2025-07-26 06:00,4.485504349947639
2025-07-26 07:00,6.654992182448693
2025-07-26 08:00,5.818349539922935
2025-07-26 09:00,8.67403963060009
2025-07-26 10:00,8.275121062117305
2025-07-26 11:00,9.992523608410313
2025-07-26 12:00,9.148121287813668
2025-07-26 13:00,15.753757863069648
2025-07-26 14:00,12.070302964761686
2025-07-26 15:00,12.47166426623543
2025-07-26 16:00,12.48970972246194
2025-07-26 17:00,19.48896321951208
2025-07-26 18:00,13.110513922059269
2025-07-26 19:00,13.595272849051916
2025-07-26 20:00,11.717074209943636
2025-07-26 21:00,9.203280975987552
2025-07-26 22:00,7.778343919715579
2025-07-26 23:00,4.686310177974722
2025-07-27 00:00,6.42908091281633
2025-07-27 01:00,4.4098435078278
2025-07-27 02:00,3.799785127186507
2025-07-27 03:00,3.3889480273294597
2025-07-27 04:00,3.424408165857634
2025-07-27 05:00,4.95235421518028
2025-07-27 06:00,6.089102823574648
2025-07-27 07:00,3.006838002702313
2025-07-27 08:00,3.722593515287289
2025-07-27 09:00,2.7149944744196457
2025-07-27 10:00,1.8862686831533146
2025-07-27 11:00,2.0775833926519436
2025-07-27 12:00,3.839704744099622
2025-07-27 13:00,3.9537122579760835
2025-07-27 14:00,3.5019847030923605
2025-07-27 15:00,0.6577043670538164
2025-07-27 16:00,1.6421549135672415
2025-07-27 17:00,2.450902370823334
2025-07-27 18:00,1.81981289409771
2025-07-27 19:00,1.0846860697997713
2025-07-27 20:00,0.22190860924480954
2025-07-27 21:00,0.0
2025-07-27 22:00,0.18810243240187546
2025-07-27 23:00,0.29379465510096453
2025-07-28 00:00,0.6123953596537547
2025-07-28 01:00,0.22437706858738266
2025-07-28 02:00,0.5766732597318425
2025-07-28 03:00,0.7750341963393492
2025-07-28 04:00,0.7082690866741594
2025-07-28 05:00,0.44175001104512013
2025-07-28 06:00,0.23363527813909785
2025-07-28 07:00,0.21242256634236184
2025-07-28 08:00,0.40229915375858194
2025-07-28 09:00,0.19269255964052534
2025-07-28 10:00,0.1981422643779063
2025-07-28 11:00,0.41976512938549715
2025-07-28 12:00,0.545845086545123
2025-07-28 13:00,0.6424887162215265
2025-07-28 14:00,1.547134779026253
2025-07-28 15:00,4.43063002816143
2025-07-28 16:00,2.838138895713392
2025-07-28 17:00,3.9853803327360273
2025-07-28 18:00,1.1936440105182757
2025-07-28 19:00,0.7147164171004563
2025-07-28 20:00,0.6237120715578686
2025-07-28 21:00,0.21585948355615692
2025-07-28 22:00,0.3982966686946289
2025-07-28 23:00,0.4557526851402256
2025-07-29 00:00,0.35974204326037273
2025-07-29 01:00,0.30917612335910766
2025-07-29 02:00,0.5813338819416198
2025-07-29 03:00,0.3533445347669451
2025-07-29 04:00,0.5995829399798903
2025-07-29 05:00,0.4710377640236834
2025-07-29 06:00,0.18392582539874922
2025-07-29 07:00,0.27192350440323626
2025-07-29 08:00,0.1468002267861643
2025-07-29 09:00,0.3149011798112882
2025-07-29 10:00,0.03081883473836929
2025-07-29 11:00,0.10078521302766884
2025-07-29 12:00,0.3042401867250192
2025-07-29 13:00,0.322029671370721
2025-07-29 14:00,1.5108729393283706
2025-07-29 15:00,2.784945707562499
2025-07-29 16:00,3.7694163020910985
2025-07-29 17:00,1.6880348895815573
2025-07-29 18:00,0.7292875689788613
2025-07-29 19:00,0.680808349693864
2025-07-29 20:00,0.1437878253986842
2025-07-29 21:00,0.5811477693638436
2025-07-29 22:00,0.3542447921012141
2025-07-29 23:00,0.1095415217247357
2025-07-30 00:00,0.09903572472907665
2025-07-30 01:00,0.05818620744148342
2025-07-30 02:00,0.1825854221947028
2025-07-30 03:00,0.38729051975865253
2025-07-30 04:00,0.6975656876645695
2025-07-30 05:00,0.6491248473501542
2025-07-30 06:00,0.29767218818912955
2025-07-30 07:00,0.2140286903042382
2025-07-30 08:00,0.22745033881564516
2025-07-30 09:00,0.034658125847789885
2025-07-30 10:00,0.0
2025-07-30 11:00,0.0
2025-07-30 12:00,0.0
2025-07-30 13:00,0.6286238614986063
2025-07-30 14:00,3.020924063419386
2025-07-30 15:00,3.0232085748425517
2025-07-30 16:00,7.097838318895832
2025-07-30 17:00,9.661993061333408
2025-07-30 18:00,5.73355427749746
2025-07-30 19:00,7.921034315817376
2025-07-30 20:00,10.7873995962821
2025-07-30 21:00,12.761961905935923
2025-07-30 22:00,11.66153706347026
2025-07-30 23:00,9.18697371482642
2025-07-31 00:00,8.185887146762509
2025-07-31 01:00,7.959374910883524
2025-07-31 02:00,3.1176451044180915
2025-07-31 03:00,1.3147886635362251
2025-07-31 04:00,0.496653554213781
2025-07-31 05:00,1.0484609467368218
2025-07-31 06:00,0.5316728410111822
2025-07-31 07:00,0.04906398651132788
2025-07-31 08:00,0.13233696357130764
2025-07-31 09:00,0.22189197867125635
2025-07-31 10:00,0.0
2025-07-31 11:00,0.35230296715710424
2025-07-31 12:00,0.24251570383828747
2025-07-31 13:00,0.16550709943225422
2025-07-31 14:00,0.38951844703308997
2025-07-31 15:00,1.681206481466424
2025-07-31 16:00,2.6342460533052656
2025-07-31 17:00,2.74441591299263
2025-07-31 18:00,4.722301738037207
2025-07-31 19:00,1.2142148911331105
2025-07-31 20:00,0.5148748565264784
2025-07-31 21:00,0.15492921142461244
2025-07-31 22:00,0.22312718798873515
2025-07-31 23:00,0.16880408842721734
2025-08-01 00:00,0.0
2025-08-01 01:00,0.45333693203309333
2025-08-01 02:00,0.21337806313425195
2025-08-01 03:00,0.5230020462848058
2025-08-01 04:00,0.19871260548023148
2025-08-01 05:00,0.4723612676953508
2025-08-01 06:00,0.025246356444901766
2025-08-01 07:00,0.033623302513210745
2025-08-01 08:00,0.02769933539048202
2025-08-01 09:00,0.020595205692395327
2025-08-01 10:00,0.010953462166108706
2025-08-01 11:00,0.009161668809319548
2025-08-01 12:00,0.04090184972156725
2025-08-01 13:00,0.4236371967175404
2025-08-01 14:00,0.9525031967900646
2025-08-01 15:00,1.1125434370721705
2025-08-01 16:00,1.7170709745382147
2025-08-01 17:00,2.012441923693129
2025-08-01 18:00,1.2354424683048086
2025-08-01 19:00,0.19559907831117954
2025-08-01 20:00,0.7958590745735392
2025-08-01 21:00,0.17254521249448176
2025-08-01 22:00,0.1606159913749955
2025-08-01 23:00,0.2122951465107811
2025-08-02 00:00,0.27426473213075947
2025-08-02 01:00,0.10723188053680635
2025-08-02 02:00,0.0
2025-08-02 03:00,0.28351524234309244
2025-08-02 04:00,0.19993033974088384
2025-08-02 05:00,0.48153627311188757
2025-08-02 06:00,0.30203510337013584
2025-08-02 07:00,0.09888079527325365
2025-08-02 08:00,0.07893573404106836
2025-08-02 09:00,0.08145267338989597
2025-08-02 10:00,0.018802224892156577
2025-08-02 11:00,0.0
2025-08-02 12:00,0.07904844609230309
2025-08-02 13:00,0.017400289572354746
2025-08-02 14:00,0.8706410451962434
2025-08-02 15:00,2.169120949875579
2025-08-02 16:00,2.0023907348688743
2025-08-02 17:00,1.695683401526676
2025-08-02 18:00,0.6133421207261328
2025-08-02 19:00,0.16611077986772957
2025-08-02 20:00,0.27999541089604957
2025-08-02 21:00,0.11109609043716388
2025-08-02 22:00,0.6281142732673413
2025-08-02 23:00,0.15630052444609835
2025-08-03 00:00,0.0
2025-08-03 01:00,0.017645948508940135
2025-08-03 02:00,0.08904917257554835
2025-08-03 03:00,0.13644453018689173
2025-08-03 04:00,0.1863211139960854
2025-08-03 05:00,0.05802523322379918
2025-08-03 06:00,0.03308633824953366
2025-08-03 07:00,0.0
2025-08-03 08:00,0.07235539842634152
2025-08-03 09:00,0.02071379842735699
2025-08-03 10:00,0.0
2025-08-03 11:00,0.37911441894589176
2025-08-03 12:00,0.5265076682978473
2025-08-03 13:00,1.4219408483955884
2025-08-03 14:00,0.3597591550709162
2025-08-03 15:00,3.2448010282868465
2025-08-03 16:00,0.9707765008042917
2025-08-03 17:00,1.216408597551761
2025-08-03 18:00,0.40837576514018653
2025-08-03 19:00,1.0158294299242725
2025-08-03 20:00,1.5111203970333595
2025-08-03 21:00,8.230167031482724
2025-08-03 22:00,17.27131007910179
2025-08-03 23:00,21.646360962127908
2025-08-04 00:00,32.514079662544404
2025-08-04 01:00,37.90744873730432
2025-08-04 02:00,36.3339034206569
2025-08-04 03:00,34.31288188246239
2025-08-04 04:00,33.482621960329034
2025-08-04 05:00,30.652900925104184
2025-08-04 06:00,31.123524352792998
2025-08-04 07:00,31.39255005429773
2025-08-04 08:00,28.39593246449868
2025-08-04 09:00,27.317646580725782
2025-08-04 10:00,26.86790788168891
2025-08-04 11:00,26.15107187086982
2025-08-04 12:00,30.348378526591965
2025-08-04 13:00,25.7385030976493
2025-08-04 14:00,24.567221292132437
2025-08-04 15:00,23.360006254613552
2025-08-04 16:00,29.065479204644337
2025-08-04 17:00,28.56017837960624
2025-08-04 18:00,31.449420773660957
2025-08-04 19:00,31.8906587434384
2025-08-04 20:00,32.34705942558519
2025-08-04 21:00,18.203450733830373
2025-08-04 22:00,12.859599431675157
2025-08-04 23:00,5.171931596307335
2025-08-05 00:00,1.0131116120985921
2025-08-05 01:00,0.40781836421606715
2025-08-05 02:00,0.5537364107582886
2025-08-05 03:00,0.14391884161510188
2025-08-05 04:00,0.13957096349413717
2025-08-05 05:00,0.5044080036128243
2025-08-05 06:00,0.5460219008998879
2025-08-05 07:00,0.8642431374912767
2025-08-05 08:00,0.8594913859574331
2025-08-05 09:00,0.17942218465243617
2025-08-05 10:00,0.2983399034046613
2025-08-05 11:00,1.2948858941501236
2025-08-05 12:00,4.296652691148863
2025-08-05 13:00,6.2779057580304
2025-08-05 14:00,10.89153437313173
2025-08-05 15:00,16.360181222292304
2025-08-05 16:00,20.903908596847188
2025-08-05 17:00,20.897154106429724
2025-08-05 18:00,22.107928988021655
2025-08-05 19:00,30.91313049639779
2025-08-05 20:00,32.94701573372506
2025-08-05 21:00,35.85158760495038
2025-08-05 22:00,37.73871951978049
2025-08-05 23:00,36.533017949689395
2025-08-06 00:00,36.00049918635369
2025-08-06 01:00,33.16019306082518
2025-08-06 02:00,33.23300055947978
2025-08-06 03:00,28.323097201779174
2025-08-06 04:00,30.995621817615906
2025-08-06 05:00,29.983656117776835
2025-08-06 06:00,29.166427567977625
2025-08-06 07:00,33.47881785828905
2025-08-06 08:00,31.042824353767244
2025-08-06 09:00,28.23999107712023
2025-08-06 10:00,33.39020215954503
2025-08-06 11:00,31.73582550770913
2025-08-06 12:00,32.20469186116517
2025-08-06 13:00,31.411376918884642
2025-08-06 14:00,32.438111694214896
2025-08-06 15:00,31.979425104237613
2025-08-06 16:00,33.912671829326115
2025-08-06 17:00,30.437399271264123
2025-08-06 18:00,29.350942090420002
2025-08-06 19:00,31.111685999314506
2025-08-06 20:00,28.698438705223317
2025-08-06 21:00,23.693419188916323
2025-08-06 22:00,16.949534855497458
2025-08-06 23:00,10.014596627938928
2025-08-07 00:00,3.893755538097392
2025-08-07 01:00,3.1869479273364316
2025-08-07 02:00,3.2764443904824265
2025-08-07 03:00,2.581808135872505
2025-08-07 04:00,2.3568008039338855
2025-08-07 05:00,5.909422270227113
2025-08-07 06:00,5.133352070329037
2025-08-07 07:00,2.7726333161254244
2025-08-07 08:00,2.665991057363665
2025-08-07 09:00,1.4993921961846208
2025-08-07 10:00,4.0790792260606885
2025-08-07 11:00,7.159629218138703
2025-08-07 12:00,5.883862093124195
2025-08-07 13:00,6.383951979287857
2025-08-07 14:00,5.888842198948346
2025-08-07 15:00,4.537770701565381
2025-08-07 16:00,3.626556509658072
2025-08-07 17:00,3.7276895498572937
2025-08-07 18:00,2.739549936345349
2025-08-07 19:00,1.2963450938505083
2025-08-07 20:00,2.513088154494833
2025-08-07 21:00,0.8240179572937812
2025-08-07 22:00,0.9515672706823033
2025-08-07 23:00,0.7333571096477709
2025-08-08 00:00,0.5938995203503146
2025-08-08 01:00,0.7981827640395285
2025-08-08 02:00,1.198474409248547
2025-08-08 03:00,0.8979990734626054
2025-08-08 04:00,0.7221020304070067
2025-08-08 05:00,0.8555761972542131
2025-08-08 06:00,0.15706566036213154
2025-08-08 07:00,0.13754852309023746
2025-08-08 08:00,0.003290328711717971
2025-08-08 09:00,0.05781594759666464
2025-08-08 10:00,0.0
2025-08-08 11:00,0.05901591262907889
2025-08-08 12:00,0.0
2025-08-08 13:00,0.0
2025-08-08 14:00,0.28433599242536894
2025-08-08 15:00,0.9738038896612546
2025-08-08 16:00,1.0246036449925342
2025-08-08 17:00,0.39101803099500015
2025-08-08 18:00,0.0
2025-08-08 19:00,0.0
2025-08-08 20:00,0.01661046272457722
2025-08-08 21:00,0.22786362864351098
2025-08-08 22:00,0.25314904416572587
2025-08-08 23:00,0.21084837975923018
2025-08-09 00:00,0.838686159982413
2025-08-09 01:00,0.4184669044185073
2025-08-09 02:00,0.6352839520699223
2025-08-09 03:00,1.1916884770736234
2025-08-09 04:00,0.7617983526891263
2025-08-09 05:00,1.136336348756735
2025-08-09 06:00,0.6437418480613719
2025-08-09 07:00,0.6429822525531848
2025-08-09 08:00,0.764705344134669
2025-08-09 09:00,0.6169726807579179
2025-08-09 10:00,0.26841720524259727
2025-08-09 11:00,0.6130576112721506
2025-08-09 12:00,2.1182026511043643
2025-08-09 13:00,2.2992092916251745
2025-08-09 14:00,7.038355277771405
2025-08-09 15:00,28.43164957243148
2025-08-09 16:00,22.80896391075919
2025-08-09 17:00,28.299526673751252
2025-08-09 18:00,26.339055020148148
2025-08-09 19:00,22.620321099451225
2025-08-09 20:00,18.686234768217517
2025-08-09 21:00,14.696008771638855
2025-08-09 22:00,17.577050067029166
2025-08-09 23:00,15.70603219285801
2025-08-10 00:00,25.022943308700654
2025-08-10 01:00,22.165064337006324
2025-08-10 02:00,33.832234905000234
2025-08-10 03:00,31.546689648940855
2025-08-10 04:00,37.96315715680906
2025-08-10 05:00,40.12721527648279
2025-08-10 06:00,39.51299461479701
2025-08-10 07:00,39.59608004842076
2025-08-10 08:00,35.47746634755846
2025-08-10 09:00,35.37348680451656
2025-08-10 10:00,31.89207627282107
2025-08-10 11:00,27.796335963509115
2025-08-10 12:00,24.61253038297125
2025-08-10 13:00,23.752748576444294
2025-08-10 14:00,21.04915586417363
2025-08-10 15:00,18.77275314486279
2025-08-10 16:00,18.304646288649167
2025-08-10 17:00,20.439367678073157
2025-08-10 18:00,11.383697674402164
2025-08-10 19:00,6.170069972151392
2025-08-10 20:00,1.1324766525317214
2025-08-10 21:00,1.8533216083882822
2025-08-10 22:00,0.5043553285224932
2025-08-10 23:00,0.4237758722698652
2025-08-11 00:00,0.15389845217281095
2025-08-11 01:00,0.22565377727551145
2025-08-11 02:00,0.29109328653449273
2025-08-11 03:00,0.1999201862282285
2025-08-11 04:00,0.06914488435302973
2025-08-11 05:00,0.345453171898057
2025-08-11 06:00,0.6106469011881976
2025-08-11 07:00,0.5759009855694179
2025-08-11 08:00,0.20764030682751017
2025-08-11 09:00,0.4212632545998386
2025-08-11 10:00,0.21265076142156913
2025-08-11 11:00,0.5391535826582452
2025-08-11 12:00,1.5961015552273827
2025-08-11 13:00,2.401265837036688
2025-08-11 14:00,4.334545849879878
2025-08-11 15:00,7.324412346626796
2025-08-11 16:00,12.364814573780704
2025-08-11 17:00,7.821070015060444
2025-08-11 18:00,6.059302987360959
2025-08-11 19:00,6.570702162344277
2025-08-11 20:00,3.87154513693778
2025-08-11 21:00,2.2360333587182506
2025-08-11 22:00,1.9620600124609848
2025-08-11 23:00,2.6222022117926094
2025-08-12 00:00,0.5872402302435386
2025-08-12 01:00,0.1669427797075514
2025-08-12 02:00,0.8269413438630574
2025-08-12 03:00,0.3834251020663254
2025-08-12 04:00,0.6507914072873051
2025-08-12 05:00,0.4436068291521363
2025-08-12 06:00,0.21366237687467793
2025-08-12 07:00,0.7754854484576068
2025-08-12 08:00,2.0537489015941737
2025-08-12 09:00,3.05303686054328
2025-08-12 10:00,5.499495640779065
2025-08-12 11:00,8.574656015717983
2025-08-12 12:00,8.225778197233467
2025-08-12 13:00,4.799328596089337
2025-08-12 14:00,8.561157294997415
2025-08-12 15:00,11.805735236329093
2025-08-12 16:00,9.861717568230244
2025-08-12 17:00,9.90049316645337
2025-08-12 18:00,7.75208364118595
2025-08-12 19:00,8.201935583659381
2025-08-12 20:00,6.435299638644688
2025-08-12 21:00,12.292796060746493
2025-08-12 22:00,11.541484091899912
2025-08-12 23:00,11.47167634277432
2025-08-13 00:00,10.509042243474397
2025-08-13 01:00,12.834655762910135
2025-08-13 02:00,18.745385168057442
2025-08-13 03:00,24.03859034716958
2025-08-13 04:00,24.107213010409268
2025-08-13 05:00,27.46878416503544
2025-08-13 06:00,32.876494526604624
2025-08-13 07:00,38.407444964025046
2025-08-13 08:00,40.09356435541953
2025-08-13 09:00,37.39825412264214
2025-08-13 10:00,31.630898244783438
2025-08-13 11:00,34.669409997506214
2025-08-13 12:00,36.33312571074155
2025-08-13 13:00,34.54182011034909
2025-08-13 14:00,35.997909700842
2025-08-13 15:00,34.652067569871164
2025-08-13 16:00,32.60352209254088
2025-08-13 17:00,31.140254262712656
2025-08-13 18:00,27.711061577810483
2025-08-13 19:00,28.38664898159621
2025-08-13 20:00,25.350359482245857
2025-08-13 21:00,27.098286275258804
2025-08-13 22:00,24.94995060028827
2025-08-13 23:00,22.744720713430787
2025-08-14 00:00,18.91622847606297
2025-08-14 01:00,17.240128974905844
2025-08-14 02:00,15.922788356334753
2025-08-14 03:00,13.10044142734952
2025-08-14 04:00,13.033444977396712
2025-08-14 05:00,12.075056275782487
2025-08-14 06:00,11.154721631656852
2025-08-14 07:00,14.723479135117842
2025-08-14 08:00,13.218566996261341
2025-08-14 09:00,11.264767017815746
2025-08-14 10:00,8.54449170790834
2025-08-14 11:00,10.008192068019923
2025-08-14 12:00,10.122636385831665
2025-08-14 13:00,7.780345193336538
2025-08-14 14:00,4.749786420705951
2025-08-14 15:00,4.09024038912171
2025-08-14 16:00,4.237323828555813
2025-08-14 17:00,5.730245580411724
2025-08-14 18:00,7.616747295431933
2025-08-14 19:00,4.659569177437566
2025-08-14 20:00,1.938202009390007
2025-08-14 21:00,0.4158541045834706
2025-08-14 22:00,0.5412241164462065
2025-08-14 23:00,1.7231335771164946
2025-08-15 00:00,0.0
2025-08-15 01:00,0.11052659904807495
2025-08-15 02:00,0.4043086626327652
2025-08-15 03:00,0.6043915361454602
2025-08-15 04:00,0.42374719261925053
2025-08-15 05:00,0.9111617636693388
2025-08-15 06:00,0.7987649389980088
2025-08-15 07:00,0.4777325512038745
2025-08-15 08:00,0.09632912942972349
2025-08-15 09:00,0.06659232319502459
2025-08-15 10:00,0.0
2025-08-15 11:00,0.15287327115678895
2025-08-15 12:00,0.20142877593953792
2025-08-15 13:00,0.5225511349673966
2025-08-15 14:00,1.7638428874661225
2025-08-15 15:00,3.6357753474709082
2025-08-15 16:00,2.2313990929525422
2025-08-15 17:00,3.734699675139574
2025-08-15 18:00,2.53857671643123
2025-08-15 19:00,1.3492652367737334
2025-08-15 20:00,0.138483321935857
2025-08-15 21:00,0.0
2025-08-15 22:00,0.15054089930365172
2025-08-15 23:00,0.0
2025-08-16 00:00,0.381728583805673
2025-08-16 01:00,0.0
2025-08-16 02:00,0.0
2025-08-16 03:00,0.0
2025-08-16 04:00,0.0
2025-08-16 05:00,0.2550145313657683
2025-08-16 06:00,0.05517047888867581
2025-08-16 07:00,0.0
2025-08-16 08:00,0.0
2025-08-16 09:00,0.10257236288294462
2025-08-16 10:00,0.0
2025-08-16 11:00,0.035605687346577
2025-08-16 12:00,0.05357829039200848
2025-08-16 13:00,0.17341213245149031
2025-08-16 14:00,0.7779520391633286
2025-08-16 15:00,1.6840123401088734
2025-08-16 16:00,1.478042444727364
2025-08-16 17:00,0.9152547646205076
2025-08-16 18:00,0.7987312773099633
2025-08-16 19:00,0.0198151807722917
2025-08-16 20:00,0.889788617937731
2025-08-16 21:00,0.5293057559175278
2025-08-16 22:00,0.8188293107245657
2025-08-16 23:00,0.4501026639882951
2025-08-17 00:00,0.936900039483896
2025-08-17 01:00,0.2930579816167781
2025-08-17 02:00,0.18665568732508647
2025-08-17 03:00,1.1532559177022321
2025-08-17 04:00,0.8505648723998533
2025-08-17 05:00,1.4120896561231047
2025-08-17 06:00,1.376548506553692
2025-08-17 07:00,0.03928694603536728
2025-08-17 08:00,0.08317529118465579
2025-08-17 09:00,0.4030803462349426
2025-08-17 10:00,0.025402375067778166
2025-08-17 11:00,0.0
2025-08-17 12:00,0.0
2025-08-17 13:00,0.6408501880125654
2025-08-17 14:00,0.20489912360671686
2025-08-17 15:00,1.6404926132315916
2025-08-17 16:00,1.395769661720757
2025-08-17 17:00,0.7136299007618447
2025-08-17 18:00,0.7527061695290975
2025-08-17 19:00,0.19621839066598062
2025-08-17 20:00,0.5185837176440526
2025-08-17 21:00,0.24316464102659208
2025-08-17 22:00,0.0
2025-08-17 23:00,0.14098844383570783
2025-08-18 00:00,0.7326605836579643
2025-08-18 01:00,0.3874956774021462
2025-08-18 02:00,0.353601857036376
2025-08-18 03:00,4.371539410703024
2025-08-18 04:00,0.05694939583052071
2025-08-18 05:00,2.207642123179438
2025-08-18 06:00,1.5813377084897406
2025-08-18 07:00,0.06336886704487925
2025-08-18 08:00,0.0
2025-08-18 09:00,0.12965651716278842
2025-08-18 10:00,0.0
2025-08-18 11:00,0.0
2025-08-18 12:00,0.14636292632135453
2025-08-18 13:00,0.0
2025-08-18 14:00,0.211919697245672
2025-08-18 15:00,0.9836238071010703
2025-08-18 16:00,0.9548682483861619
2025-08-18 17:00,0.8603385689982213
2025-08-18 18:00,0.8897941393254281
2025-08-18 19:00,0.0
2025-08-18 20:00,0.4422109981141712
2025-08-18 21:00,0.9484333815761687
2025-08-18 22:00,0.920820858875717
2025-08-18 23:00,2.438544408609801
2025-08-19 00:00,4.470363462123699
2025-08-19 01:00,5.629594050160501
2025-08-19 02:00,6.45788428976363
2025-08-19 03:00,6.755106588845987
2025-08-19 04:00,7.007263517219112
2025-08-19 05:00,6.363225604867456
2025-08-19 06:00,7.393328480258731
2025-08-19 07:00,5.773563153719125
2025-08-19 08:00,9.283477755112475
2025-08-19 09:00,6.638599918019311
2025-08-19 10:00,3.887955140724912
2025-08-19 11:00,2.8329011492475398
2025-08-19 12:00,4.554646514195088
2025-08-19 13:00,3.6806972452960296
2025-08-19 14:00,5.357980112582627
2025-08-19 15:00,5.755307782666007
2025-08-19 16:00,6.8878774485021586
2025-08-19 17:00,6.391015931447057
2025-08-19 18:00,3.445658559300666
2025-08-19 19:00,3.5037399771979896
2025-08-19 20:00,3.2832729546849517
2025-08-19 21:00,3.435736588946867
2025-08-19 22:00,1.579035635585238
2025-08-19 23:00,1.4313021402569048
2025-08-20 00:00,2.722200490119375
2025-08-20 01:00,2.9986805829093512
2025-08-20 02:00,4.55785970756115
2025-08-20 03:00,5.9035910274902665
2025-08-20 04:00,5.673364450546675
2025-08-20 05:00,8.211077602643734
2025-08-20 06:00,9.186566598429309
2025-08-20 07:00,7.829754342733452
2025-08-20 08:00,6.981744269873692
2025-08-20 09:00,6.820221096771149
2025-08-20 10:00,4.8579867302263615
2025-08-20 11:00,1.6289545644850418
2025-08-20 12:00,6.50858288509446
2025-08-20 13:00,6.26396298901779
2025-08-20 14:00,3.190785507863689
2025-08-20 15:00,3.96143067248319
2025-08-20 16:00,3.958143613375829
2025-08-20 17:00,2.8236146323464957
2025-08-20 18:00,1.0119909103566265
2025-08-20 19:00,0.26006372314982834
2025-08-20 20:00,0.0
2025-08-20 21:00,0.0
2025-08-20 22:00,0.0054573835059174795
2025-08-20 23:00,0.0
2025-08-21 00:00,0.1254901052915131
2025-08-21 01:00,0.023773527199926002
2025-08-21 02:00,0.17984618443147032
2025-08-21 03:00,0.10894428339065172
2025-08-21 04:00,0.24808751947411925
2025-08-21 05:00,0.45056742111097875
2025-08-21 06:00,0.8447249730374795
2025-08-21 07:00,0.22538726764276715
2025-08-21 08:00,0.23215719931371687
2025-08-21 09:00,0.13116374074817283
2025-08-21 10:00,0.03525441891340996
2025-08-21 11:00,0.0
2025-08-21 12:00,0.25573918639068327
2025-08-21 13:00,0.23411764170751062
2025-08-21 14:00,0.4561204000501219
2025-08-21 15:00,1.8504433619376726
2025-08-21 16:00,3.3368732707141495
2025-08-21 17:00,1.797626569372495
2025-08-21 18:00,1.1310024333803725
2025-08-21 19:00,0.4841218685598982
2025-08-21 20:00,0.0
2025-08-21 21:00,0.17705963451094964
2025-08-21 22:00,0.24327983464524633
2025-08-21 23:00,0.3082558586699534
2025-08-22 00:00,0.6545080359813646
2025-08-22 01:00,1.0814819309776786
2025-08-22 02:00,1.1341595512258584
2025-08-22 03:00,0.6890099590253222
2025-08-22 04:00,0.8122332190303002
2025-08-22 05:00,0.8751269769560275
2025-08-22 06:00,0.11123294377884116
2025-08-22 07:00,0.03804067665149617
2025-08-22 08:00,0.20438223272794603
2025-08-22 09:00,0.1496963198426259
2025-08-22 10:00,0.16636546937204091
2025-08-22 11:00,0.0
2025-08-22 12:00,0.05934966889140929
2025-08-22 13:00,0.4987468754360038
2025-08-22 14:00,0.24597276839819912
2025-08-22 15:00,1.2227653496259387
2025-08-22 16:00,1.254609252437517
2025-08-22 17:00,0.8259043101672573
2025-08-22 18:00,0.3249110972500427
2025-08-22 19:00,0.48850078279118403
2025-08-22 20:00,0.23293775604771302
2025-08-22 21:00,0.21481003166382437
2025-08-22 22:00,0.008404980482854919
2025-08-22 23:00,0.1441302904167622
2025-08-23 00:00,0.0
2025-08-23 01:00,0.04137685659313567
2025-08-23 02:00,0.12623054080516094
2025-08-23 03:00,0.0951770630765115
2025-08-23 04:00,0.005428485173367974
2025-08-23 05:00,0.05033926939820568
2025-08-23 06:00,0.0
2025-08-23 07:00,0.0
2025-08-23 08:00,0.0
2025-08-23 09:00,0.0
2025-08-23 10:00,0.008960185446452378
2025-08-23 11:00,0.0
2025-08-23 12:00,0.1908993806103934
2025-08-23 13:00,0.09509991023056293
2025-08-23 14:00,0.19031559736572967
2025-08-23 15:00,0.7911773651077436
2025-08-23 16:00,1.0536269047397813
2025-08-23 17:00,0.9465276774355109
2025-08-23 18:00,0.7913439875974475
2025-08-23 19:00,0.0
2025-08-23 20:00,0.03444161797700474
2025-08-23 21:00,0.14487061651006078
2025-08-23 22:00,0.12248483829623559
2025-08-23 23:00,0.0829617196605535
2025-08-24 00:00,0.0
2025-08-24 01:00,0.015113600278553442
2025-08-24 02:00,0.18891538093335375
2025-08-24 03:00,0.5251527097327666
2025-08-24 04:00,0.0
2025-08-24 05:00,0.05064167740061535
2025-08-24 06:00,0.3018750145876299
2025-08-24 07:00,0.0
2025-08-24 08:00,0.0
2025-08-24 09:00,0.3155180398125135
2025-08-24 10:00,0.15396120120978551
2025-08-24 11:00,0.5519756068520919
2025-08-24 12:00,1.2040656601426911
2025-08-24 13:00,2.698070380934812
2025-08-24 14:00,2.896439551586793
2025-08-24 15:00,3.7491453764561804
2025-08-24 16:00,2.0000305326014884
2025-08-24 17:00,1.7343994651221908
2025-08-24 18:00,0.8416973099710052
2025-08-24 19:00,0.34715135620458
2025-08-24 20:00,0.16264818041904677
2025-08-24 21:00,0.33890274710317925
2025-08-24 22:00,0.09503996398407741
2025-08-24 23:00,0.7249494638596441
2025-08-25 00:00,0.8574108886163341
2025-08-25 01:00,1.411405159550967
2025-08-25 02:00,2.555338989226428
2025-08-25 03:00,2.9097853125040998
2025-08-25 04:00,4.63517276032881
2025-08-25 05:00,3.364176516505038
2025-08-25 06:00,6.8745592398917506
2025-08-25 07:00,5.913655121352305
2025-08-25 08:00,4.73018917921949
2025-08-25 09:00,4.604214982090132
2025-08-25 10:00,5.05693332677682
2025-08-25 11:00,5.5905535913994715
2025-08-25 12:00,6.492718427579341
2025-08-25 13:00,9.522796451539064
2025-08-25 14:00,10.350124331368729
2025-08-25 15:00,8.267900935010045
2025-08-25 16:00,12.153466848355809
2025-08-25 17:00,17.083813833501445
2025-08-25 18:00,16.35841500781809
2025-08-25 19:00,17.971492662497255
2025-08-25 20:00,20.224493098807457
2025-08-25 21:00,22.387303533497068
2025-08-25 22:00,26.199492900835473
2025-08-25 23:00,24.07656018752465
2025-08-26 00:00,28.33637227164499
2025-08-26 01:00,29.06912299799586
2025-08-26 02:00,31.498420505958382
2025-08-26 03:00,33.022961925144855
2025-08-26 04:00,34.80908003426041
2025-08-26 05:00,32.28216233329251
2025-08-26 06:00,33.44688834162213
2025-08-26 07:00,31.947761482016638
2025-08-26 08:00,30.76429845955183
2025-08-26 09:00,28.327008416090365
2025-08-26 10:00,29.711125719753852
2025-08-26 11:00,20.58905115930807
2025-08-26 12:00,13.491602273698259
2025-08-26 13:00,9.747208795277063
2025-08-26 14:00,7.082833537961468
2025-08-26 15:00,7.361298913276956
2025-08-26 16:00,3.4357799704148655
2025-08-26 17:00,1.9747464708845046
2025-08-26 18:00,1.9318905854759376
2025-08-26 19:00,2.3247690898701405
2025-08-26 20:00,4.495546065381228
2025-08-26 21:00,3.5692064676384208
2025-08-26 22:00,1.0842500969076019
2025-08-26 23:00,0.4089997766409096
2025-08-27 00:00,0.3069048120585725
2025-08-27 01:00,0.5155287924199975
2025-08-27 02:00,0.8174944173653238
2025-08-27 03:00,1.0058120123713157
2025-08-27 04:00,0.6764820541558522
2025-08-27 05:00,0.30142969698570365
2025-08-27 06:00,0.6209504697922771
2025-08-27 07:00,0.22536225735185825
2025-08-27 08:00,0.15664124024227982
2025-08-27 09:00,0.1800128761915336
2025-08-27 10:00,0.1693225644423586
2025-08-27 11:00,0.005941482033383901
2025-08-27 12:00,0.16161372357858841
2025-08-27 13:00,0.0705522751516116
2025-08-27 14:00,0.026535873336862824
2025-08-27 15:00,0.5859633716349336
2025-08-27 16:00,0.8770639359712011
2025-08-27 17:00,0.5759871621057416
2025-08-27 18:00,0.07465093623316749
2025-08-27 19:00,0.21033004624511586
2025-08-27 20:00,0.19693545653060351
2025-08-27 21:00,0.14580830390537988
2025-08-27 22:00,0.37228300730370967
2025-08-27 23:00,0.7870698321727683
2025-08-28 00:00,0.6822008089205011
2025-08-28 01:00,2.6590557903043868
2025-08-28 02:00,4.703647589039563
2025-08-28 03:00,5.044597785221006
2025-08-28 04:00,5.3285884251111115
2025-08-28 05:00,5.229668971463462
2025-08-28 06:00,7.830750184687295
2025-08-28 07:00,7.383378148997423
2025-08-28 08:00,9.53400642422993
2025-08-28 09:00,8.939573107536637
2025-08-28 10:00,8.481843345487313
2025-08-28 11:00,11.286693085277488
2025-08-28 12:00,12.974221283587479
2025-08-28 13:00,10.495845312405578
2025-08-28 14:00,7.454712005156749
2025-08-28 15:00,6.640076765887505
2025-08-28 16:00,6.2945891287704
2025-08-28 17:00,4.307717196781201
2025-08-28 18:00,7.528255001500185
2025-08-28 19:00,6.88305534997484
2025-08-28 20:00,2.770436102777452
2025-08-28 21:00,2.93183010578605
2025-08-28 22:00,5.122475426486971
2025-08-28 23:00,6.498048971098376
2025-08-29 00:00,8.331305768047871
2025-08-29 01:00,7.6938503575303585
2025-08-29 02:00,9.367181642623859
2025-08-29 03:00,7.386517530539715
2025-08-29 04:00,8.745047795654008
2025-08-29 05:00,9.582430604978445
2025-08-29 06:00,7.748565676253987
2025-08-29 07:00,6.1906375937226095
2025-08-29 08:00,6.0190299212999125
2025-08-29 09:00,5.959213189941009
2025-08-29 10:00,3.513793754260184
2025-08-29 11:00,4.449700238771369
2025-08-29 12:00,4.746563419258321
2025-08-29 13:00,5.304098318553666
2025-08-29 14:00,3.62681980277985
2025-08-29 15:00,6.314912622160883
2025-08-29 16:00,2.9491463817123034
2025-08-29 17:00,4.374059211532888
2025-08-29 18:00,2.0700949638506136
2025-08-29 19:00,1.7851405162407443
2025-08-29 20:00,0.6177627821034257
2025-08-29 21:00,0.0
2025-08-29 22:00,0.4411242425893678
2025-08-29 23:00,0.2731463239892292
2025-08-30 00:00,0.5716641380386136
2025-08-30 01:00,1.4056043180490798
2025-08-30 02:00,1.2515801281001755
2025-08-30 03:00,2.7584403272303426
2025-08-30 04:00,3.0733750098288977
2025-08-30 05:00,2.2340538663874696
2025-08-30 06:00,2.5034859966459297
2025-08-30 07:00,0.43080816141374356
2025-08-30 08:00,0.05340095513974217
2025-08-30 09:00,0.0
2025-08-30 10:00,0.037484315061778656
2025-08-30 11:00,0.10021688409658076
2025-08-30 12:00,0.02541638335764497
2025-08-30 13:00,0.28246147483096323
2025-08-30 14:00,0.9913056720092718
2025-08-30 15:00,1.197399906313887
2025-08-30 16:00,1.0829200843054867
2025-08-30 17:00,1.4563394621209245
2025-08-30 18:00,1.8830376286207717
2025-08-30 19:00,0.0
2025-08-30 20:00,0.23288931523364192
2025-08-30 21:00,0.0
2025-08-30 22:00,0.15950082135792032
2025-08-30 23:00,0.0
2025-08-31 00:00,0.0
2025-08-31 01:00,0.0
2025-08-31 02:00,0.0
2025-08-31 03:00,0.18814388242351796
2025-08-31 04:00,0.21462829930484864
2025-08-31 05:00,0.4049992193457863
2025-08-31 06:00,1.346768130280197
2025-08-31 07:00,0.7779910916219082
2025-08-31 08:00,2.0399367615617074
2025-08-31 09:00,3.806824854095911
2025-08-31 10:00,1.4197452955351255
2025-08-31 11:00,7.457106548843509
2025-08-31 12:00,8.813499136759935
2025-08-31 13:00,4.256226590893367
2025-08-31 14:00,4.919912350377322
2025-08-31 15:00,14.021974528450965
2025-08-31 16:00,7.697380437520573
2025-08-31 17:00,9.671057941521518
2025-08-31 18:00,8.655721541225557
2025-08-31 19:00,7.61190514985945
2025-08-31 20:00,10.243803377569927
2025-08-31 21:00,6.072861587577621
2025-08-31 22:00,10.53602943219088
2025-08-31 23:00,12.305656006949686
2025-09-01 00:00,13.750959777921558
2025-09-01 01:00,10.074995114974573
2025-09-01 02:00,14.567701156729768
2025-09-01 03:00,12.231243676390296
2025-09-01 04:00,12.195720009817592
2025-09-01 05:00,15.462628656650553
2025-09-01 06:00,19.143497816868653
2025-09-01 07:00,18.931904799144803
2025-09-01 08:00,25.013752226184543
2025-09-01 09:00,25.954088789513243
2025-09-01 10:00,25.418982048308116
2025-09-01 11:00,34.35442209610634
2025-09-01 12:00,33.273820051964066
2025-09-01 13:00,37.36068679804094
2025-09-01 14:00,33.58521696147369
2025-09-01 15:00,34.96623772838336
2025-09-01 16:00,37.37900850525358
2025-09-01 17:00,37.85490464320143
2025-09-01 18:00,32.68047822620673
2025-09-01 19:00,25.44182666295245
2025-09-01 20:00,16.58852162636979
2025-09-01 21:00,8.789167240368858
2025-09-01 22:00,4.148984596355362
2025-09-01 23:00,2.0818697367109635
2025-09-02 00:00,1.298558908109752
2025-09-02 01:00,1.024989483441197
2025-09-02 02:00,1.4835280822535157
2025-09-02 03:00,3.221671969760071
2025-09-02 04:00,1.6533764989763338
2025-09-02 05:00,1.9940919151232406
2025-09-02 06:00,1.5449666666564137
2025-09-02 07:00,0.3718135066867464
2025-09-02 08:00,0.5175944520798523
2025-09-02 09:00,0.27534285085959465
2025-09-02 10:00,0.23278656401708545
2025-09-02 11:00,0.020545244641779654
2025-09-02 12:00,0.17625202873417875
2025-09-02 13:00,0.7813656373603659
2025-09-02 14:00,1.1028915918003976
2025-09-02 15:00,0.6039682691452442
2025-09-02 16:00,0.4978183674690817
2025-09-02 17:00,0.27348200384560933
2025-09-02 18:00,0.3565508974742799
2025-09-02 19:00,0.27595821167565093
2025-09-02 20:00,0.42890337201324213
2025-09-02 21:00,0.0
2025-09-02 22:00,0.2957379732418745
2025-09-02 23:00,0.4804637026287355
2025-09-03 00:00,0.6286433042127267
2025-09-03 01:00,0.6478556023356259
2025-09-03 02:00,0.3029950640829127
2025-09-03 03:00,0.17334948989355708
2025-09-03 04:00,0.18066440870394412
2025-09-03 05:00,0.6631332370122924
2025-09-03 06:00,0.38501348581326
2025-09-03 07:00,0.19211969101173673
2025-09-03 08:00,0.0
2025-09-03 09:00,0.0
2025-09-03 10:00,0.006660524362364121
2025-09-03 11:00,0.043942989397647285
2025-09-03 12:00,0.3739300967053845
2025-09-03 13:00,0.20475027826875503
2025-09-03 14:00,0.7147629575316472
2025-09-03 15:00,1.250065091603786
2025-09-03 16:00,1.695600814482015
2025-09-03 17:00,2.0595611736585893
2025-09-03 18:00,1.7113960219374083
2025-09-03 19:00,1.8147653817817928
2025-09-03 20:00,0.21644966832370152
2025-09-03 21:00,0.006667705049013665
2025-09-03 22:00,1.6586605814343391
2025-09-03 23:00,2.970433272952782
2025-09-04 00:00,0.1406480847451566
2025-09-04 01:00,0.3934731013316065
2025-09-04 02:00,0.8714153145959636
2025-09-04 03:00,1.6684306820816035
2025-09-04 04:00,2.8404984849901407
2025-09-04 05:00,1.8818406157809928
2025-09-04 06:00,1.5555583549413754
2025-09-04 07:00,1.6622655869781275
2025-09-04 08:00,2.4749223417381367
2025-09-04 09:00,0.39550970708748645
2025-09-04 10:00,0.4681815784814282
2025-09-04 11:00,2.210003138545875
2025-09-04 12:00,2.1704904691974267
2025-09-04 13:00,3.621732227754068
2025-09-04 14:00,5.260418228814085
2025-09-04 15:00,7.639525322816569
2025-09-04 16:00,6.758915791284535
2025-09-04 17:00,8.948221670684521
2025-09-04 18:00,8.254072372626172
2025-09-04 19:00,8.808476776828062
2025-09-04 20:00,7.731405867943732
2025-09-04 21:00,4.9833325377264135
2025-09-04 22:00,3.256816524959194
2025-09-04 23:00,2.2904842966948467
2025-09-05 00:00,0.9684827278516936
2025-09-05 01:00,0.8774849428783944
2025-09-05 02:00,1.8117107608995924
2025-09-05 03:00,1.2040471238771742
2025-09-05 04:00,1.5977343018604764
2025-09-05 05:00,1.6702493188111514
2025-09-05 06:00,1.2159275623505814
2025-09-05 07:00,0.9271029768987706
2025-09-05 08:00,0.5504235533970616
2025-09-05 09:00,0.25097448776799264
2025-09-05 10:00,0.09761805509907687
2025-09-05 11:00,0.08958598783594357
2025-09-05 12:00,0.42962524081284725
2025-09-05 13:00,0.9776694121033936
2025-09-05 14:00,1.5320734342136535
2025-09-05 15:00,1.6724599530214594
2025-09-05 16:00,1.2368572310637347
2025-09-05 17:00,0.7514267282970015
2025-09-05 18:00,0.23081356456505925
2025-09-05 19:00,0.12337976527211078
2025-09-05 20:00,1.1286302692094985
2025-09-05 21:00,1.9201412353767584
2025-09-05 22:00,3.243760402886421
2025-09-05 23:00,5.4608366334081095
2025-09-06 00:00,11.397788335676077
2025-09-06 01:00,10.898618726419068
2025-09-06 02:00,10.084767358151225
2025-09-06 03:00,12.131449960426654
2025-09-06 04:00,13.093697690517782
2025-09-06 05:00,17.355853717694988
2025-09-06 06:00,18.78801297690348
2025-09-06 07:00,23.887911886892848
2025-09-06 08:00,24.139362476476435
2025-09-06 09:00,23.97860792353741
2025-09-06 10:00,22.94543905931796
2025-09-06 11:00,24.174825789789445
2025-09-06 12:00,27.92800899503134
2025-09-06 13:00,24.27483463350891
2025-09-06 14:00,27.051870868766883
2025-09-06 15:00,29.700151160739562
2025-09-06 16:00,29.39620779014166
2025-09-06 17:00,28.4307313652049
2025-09-06 18:00,25.932871842082605
2025-09-06 19:00,32.33908056871985
2025-09-06 20:00,34.76162785709033
2025-09-06 21:00,31.695142884547543
2025-09-06 22:00,34.329323490568285
2025-09-06 23:00,31.527331196528664
2025-09-07 00:00,36.165216721146784
2025-09-07 01:00,33.713619926829985
2025-09-07 02:00,36.32225724757147
2025-09-07 03:00,25.078534615633686
2025-09-07 04:00,22.797955271254622
2025-09-07 05:00,18.77231509920569
2025-09-07 06:00,16.249358463075
2025-09-07 07:00,7.262329414560582
2025-09-07 08:00,5.1532157003226935
2025-09-07 09:00,3.39308238630061
2025-09-07 10:00,2.236191412612137
2025-09-07 11:00,1.0247740805406091
2025-09-07 12:00,0.8885700298493049
2025-09-07 13:00,0.5083983362161728
2025-09-07 14:00,1.3327756057191933
2025-09-07 15:00,2.338303305551661
2025-09-07 16:00,3.148076785712771
2025-09-07 17:00,1.638714933726146
2025-09-07 18:00,1.458780654919819
2025-09-07 19:00,1.8313161638656594
2025-09-07 20:00,1.4004194927683606
2025-09-07 21:00,2.0094443448330166
2025-09-07 22:00,1.0592594348205795
2025-09-07 23:00,0.6926427719031985
2025-09-08 00:00,0.5979502936971794
2025-09-08 01:00,1.2959238531224082
2025-09-08 02:00,0.9872923159443486
2025-09-08 03:00,0.3197625566898052
2025-09-08 04:00,0.4109357543064693
2025-09-08 05:00,0.16012218638645337
2025-09-08 06:00,0.29167158388851244
2025-09-08 07:00,0.4547386653749727
2025-09-08 08:00,0.3120138023172475
2025-09-08 09:00,0.2148305069392928
2025-09-08 10:00,0.33679825109846573
2025-09-08 11:00,0.14664376874797924
2025-09-08 12:00,0.5965951471393786
2025-09-08 13:00,0.2696343292947912
2025-09-08 14:00,0.0
2025-09-08 15:00,0.8758482271783563
2025-09-08 16:00,0.11474369112569993
2025-09-08 17:00,0.3048745305451415
2025-09-08 18:00,0.43697919541585306
2025-09-08 19:00,0.5536023453471975
2025-09-08 20:00,0.5577992398267795
2025-09-08 21:00,0.7266442810164839
2025-09-08 22:00,0.5450481630016915
2025-09-08 23:00,0.40127166794497604
2025-09-09 00:00,2.5635176934132295
2025-09-09 01:00,1.6242094602426695
2025-09-09 02:00,2.4323717262803775
2025-09-09 03:00,1.8974923076666315
2025-09-09 04:00,1.0084860343334168
2025-09-09 05:00,1.8557898115077842
2025-09-09 06:00,1.644469658156031
2025-09-09 07:00,4.229030875570216
2025-09-09 08:00,5.666188646419032
2025-09-09 09:00,5.236556143399687
2025-09-09 10:00,3.7613005922655307
2025-09-09 11:00,11.46636233034738
2025-09-09 12:00,15.290213945469818
2025-09-09 13:00,15.771459634722184
2025-09-09 14:00,17.151325193984533
2025-09-09 15:00,20.29010319850408
2025-09-09 16:00,18.607381903397076
2025-09-09 17:00,15.558522903141982
2025-09-09 18:00,10.57718813613938
2025-09-09 19:00,9.16076755329091
2025-09-09 20:00,3.7393121286347615
2025-09-09 21:00,0.9790519676350791
2025-09-09 22:00,0.5011607815837684
2025-09-09 23:00,0.4475935723741953
2025-09-10 00:00,0.05200396027137094
2025-09-10 01:00,0.9378285432726396
2025-09-10 02:00,1.290009941774012
2025-09-10 03:00,1.7808500354331305
2025-09-10 04:00,3.0683714470537318
2025-09-10 05:00,8.113751851060886
2025-09-10 06:00,7.547824980026005
2025-09-10 07:00,4.677284080910189
2025-09-10 08:00,8.076199711417452
2025-09-10 09:00,6.571118452664132
2025-09-10 10:00,5.238630406139701
2025-09-10 11:00,8.597761432940821
2025-09-10 12:00,8.214268146112103
2025-09-10 13:00,7.588367192659941
2025-09-10 14:00,11.855283964783494
2025-09-10 15:00,13.182378310918475
2025-09-10 16:00,11.465308080229072
2025-09-10 17:00,11.199733180187973
2025-09-10 18:00,10.977317416075664
2025-09-10 19:00,11.463231295476573
2025-09-10 20:00,10.4502490795983
2025-09-10 21:00,7.45595644944331
2025-09-10 22:00,6.228366084099488
2025-09-10 23:00,4.655715896821739
2025-09-11 00:00,3.5631581758588937
2025-09-11 01:00,1.8881701307331533
2025-09-11 02:00,2.012205480215961
2025-09-11 03:00,1.1912083435565242
2025-09-11 04:00,1.4221159546611073
2025-09-11 05:00,2.0129574001792045
2025-09-11 06:00,3.2335238088417344
2025-09-11 07:00,3.14180148700057
2025-09-11 08:00,3.275818042089281
2025-09-11 09:00,3.8933017375277137
2025-09-11 10:00,1.8580292432406926
2025-09-11 11:00,2.930897502012633
2025-09-11 12:00,3.473553252870972
2025-09-11 13:00,1.5958848377735777
2025-09-11 14:00,2.244367660869364
2025-09-11 15:00,4.529634900413413
2025-09-11 16:00,6.413507296016499
2025-09-11 17:00,7.182684166439399
2025-09-11 18:00,4.962937139076818
2025-09-11 19:00,8.965498757926083
2025-09-11 20:00,5.768525171985262
2025-09-11 21:00,6.215030924175355
2025-09-11 22:00,7.02470283202984
2025-09-11 23:00,3.954018637616242
2025-09-12 00:00,4.8150258527050855
2025-09-12 01:00,4.890574848671955
2025-09-12 02:00,4.6020257272951595
2025-09-12 03:00,6.164693125553299
2025-09-12 04:00,4.7347907397814595
2025-09-12 05:00,5.243141193910539
2025-09-12 06:00,6.413399440198212
2025-09-12 07:00,3.6356206695281577
2025-09-12 08:00,4.2534827771091885
2025-09-12 09:00,4.981520343361308
2025-09-12 10:00,3.3458323943569592
2025-09-12 11:00,1.7384170966642927
2025-09-12 12:00,3.6787041892019565
2025-09-12 13:00,4.307370465433239
2025-09-12 14:00,5.07242640344913
2025-09-12 15:00,3.42159085707633
2025-09-12 16:00,8.97329640052155
2025-09-12 17:00,8.514840002245961
2025-09-12 18:00,6.650422566557903
2025-09-12 19:00,5.404377362029376
2025-09-12 20:00,4.332850623140084
2025-09-12 21:00,9.55245548219681
2025-09-12 22:00,15.947107613404745
2025-09-12 23:00,23.290057071085805
2025-09-13 00:00,30.650530812172356
2025-09-13 01:00,44.02742831988377
2025-09-13 02:00,52.248999618481164
2025-09-13 03:00,53.477291230256846
2025-09-13 04:00,45.72171091791622
2025-09-13 05:00,49.44207381513483
2025-09-13 06:00,46.07575741611322
2025-09-13 07:00,49.29153483963896
2025-09-13 08:00,48.13152258853536
2025-09-13 09:00,47.05584003759883
2025-09-13 10:00,40.16950290667057
2025-09-13 11:00,36.71175138293799
2025-09-13 12:00,30.60900745011103
2025-09-13 13:00,26.08742383192449
2025-09-13 14:00,20.894071186047917
2025-09-13 15:00,15.349620998582655
2025-09-13 16:00,10.254084907350428
2025-09-13 17:00,4.197737546158357
2025-09-13 18:00,1.2342409531306233
2025-09-13 19:00,0.8136062873892915
2025-09-13 20:00,0.4631163062586493
2025-09-13 21:00,0.36145173577478534
2025-09-13 22:00,0.5061569690872758
2025-09-13 23:00,0.5469087041281837
2025-09-14 00:00,0.32810556264739094
2025-09-14 01:00,1.302178452255915
2025-09-14 02:00,0.370660324312281
2025-09-14 03:00,1.2307851721989616
2025-09-14 04:00,2.3506399761697296
2025-09-14 05:00,1.6194046712607695
2025-09-14 06:00,1.3247125417136325
2025-09-14 07:00,0.9009655525716755
2025-09-14 08:00,0.37091754053160686
2025-09-14 09:00,0.02052401955551558
2025-09-14 10:00,0.0
2025-09-14 11:00,0.01673575984961662
2025-09-14 12:00,0.32469847351222947
2025-09-14 13:00,0.54760173716701
2025-09-14 14:00,0.7543137521161862
2025-09-14 15:00,0.39888763780539005
2025-09-14 16:00,0.9120592697387844
2025-09-14 17:00,0.4645660819958958
2025-09-14 18:00,0.05895419634446244
2025-09-14 19:00,0.4208851631209459
2025-09-14 20:00,0.5452069975521292
2025-09-14 21:00,0.4139719603122969
2025-09-14 22:00,0.07048776610350548
2025-09-14 23:00,0.44061754844206946
2025-09-15 00:00,0.27624668065274993
2025-09-15 01:00,0.040890693148816784
2025-09-15 02:00,0.6190672817196028
2025-09-15 03:00,0.7686478803736061
2025-09-15 04:00,0.6077718143896019
2025-09-15 05:00,0.3742224938954693
2025-09-15 06:00,0.5965672947037365
2025-09-15 07:00,1.179912414277953
2025-09-15 08:00,0.46811567066012577
2025-09-15 09:00,0.40921186786398184
2025-09-15 10:00,0.03808139193861594
2025-09-15 11:00,0.0
2025-09-15 12:00,0.0
2025-09-15 13:00,0.0
2025-09-15 14:00,0.044580715374814554
2025-09-15 15:00,0.0
2025-09-15 16:00,0.05407897437227734
2025-09-15 17:00,0.0
2025-09-15 18:00,0.0
2025-09-15 19:00,0.134535057634929
2025-09-15 20:00,0.42216156622113366
2025-09-15 21:00,0.710413064740474
2025-09-15 22:00,0.468400541335398
2025-09-15 23:00,0.4534634268086749
2025-09-16 00:00,0.5178445689776772
2025-09-16 01:00,0.5859479198480562
2025-09-16 02:00,0.6144244441918811
2025-09-16 03:00,0.8941843678595056
2025-09-16 04:00,0.5758481133426141
2025-09-16 05:00,0.19696099459939326
2025-09-16 06:00,0.42539617436022026
2025-09-16 07:00,0.3029147895998318
2025-09-16 08:00,0.15357897340602872
2025-09-16 09:00,0.23026245054796857
2025-09-16 10:00,0.6440090663637992
2025-09-16 11:00,3.685226349502858
2025-09-16 12:00,7.060844322121797
2025-09-16 13:00,7.617384017691974
2025-09-16 14:00,10.699831923143094
2025-09-16 15:00,13.59139371810015
2025-09-16 16:00,14.171967196527103
2025-09-16 17:00,17.958621703345838
2025-09-16 18:00,21.729540737930254
2025-09-16 19:00,21.960332267249967
2025-09-16 20:00,28.763616338011467
2025-09-16 21:00,29.902019760481636
2025-09-16 22:00,30.319707287910433
2025-09-16 23:00,33.118643543119504
2025-09-17 00:00,34.16270428014795
2025-09-17 01:00,29.95620688298993
2025-09-17 02:00,30.83584404981671
2025-09-17 03:00,33.0340355053787
2025-09-17 04:00,31.57545188058694
2025-09-17 05:00,33.425009000614736
2025-09-17 06:00,34.697746824365495
2025-09-17 07:00,33.29670475320992
2025-09-17 08:00,31.945405686038345
2025-09-17 09:00,36.71794621256436
2025-09-17 10:00,23.48034518361101
2025-09-17 11:00,21.783046676974323
2025-09-17 12:00,19.420186502890104
2025-09-17 13:00,15.789925282336103
2025-09-17 14:00,19.409568532634708
2025-09-17 15:00,18.713544047301745
2025-09-17 16:00,19.760018227021675
2025-09-17 17:00,18.961274160538956
2025-09-17 18:00,17.29347164507117
2025-09-17 19:00,20.389129625051595
2025-09-17 20:00,19.03535374351788
2025-09-17 21:00,12.082933068118344
2025-09-17 22:00,14.104959448050167
2025-09-17 23:00,13.811129651170688
2025-09-18 00:00,13.730460973645204
2025-09-18 01:00,12.39510980496495
2025-09-18 02:00,12.785769001617187
2025-09-18 03:00,12.980399961244617
2025-09-18 04:00,12.246794576938942
2025-09-18 05:00,13.355379224904286
2025-09-18 06:00,9.853381453704271
2025-09-18 07:00,10.515930169400116
2025-09-18 08:00,6.305259988871384
2025-09-18 09:00,4.439645023955896
2025-09-18 10:00,2.146722870875035
2025-09-18 11:00,0.9730515633209281
2025-09-18 12:00,0.557777854619397
2025-09-18 13:00,1.2547223525190974
2025-09-18 14:00,1.1133691457317592
2025-09-18 15:00,0.4318851581825634
2025-09-18 16:00,0.3229815865662894
2025-09-18 17:00,0.5867698355575037
2025-09-18 18:00,0.8663049010728096
2025-09-18 19:00,1.419040492812191
2025-09-18 20:00,1.6765280698087284
2025-09-18 21:00,0.6921013589891886
2025-09-18 22:00,1.6668596925216246
2025-09-18 23:00,1.4647916094240347
2025-09-19 00:00,2.3867998964393364
2025-09-19 01:00,4.645128301633434
2025-09-19 02:00,3.634011499780564
2025-09-19 03:00,3.0846552896945996
2025-09-19 04:00,2.045157173629564
2025-09-19 05:00,2.3159964165516267
2025-09-19 06:00,1.4741194579346164
2025-09-19 07:00,2.633105989037137
2025-09-19 08:00,3.3564922229212577
2025-09-19 09:00,2.224107216503752
2025-09-19 10:00,2.5179814209981277
2025-09-19 11:00,2.440604400838895
2025-09-19 12:00,2.5135450136257034
2025-09-19 13:00,2.921390776514217
2025-09-19 14:00,2.7057071086715974
2025-09-19 15:00,2.80456266655879
2025-09-19 16:00,8.678428141223671
2025-09-19 17:00,10.526899200648664
2025-09-19 18:00,13.778247772167216
2025-09-19 19:00,12.881872493751406
2025-09-19 20:00,19.217522985442272
2025-09-19 21:00,22.7878666360103
2025-09-19 22:00,22.914530056700166
2025-09-19 23:00,27.869796854037606
2025-09-20 00:00,38.298973105989205
2025-09-20 01:00,43.404637911250816
2025-09-20 02:00,45.13642532378243
2025-09-20 03:00,40.70379910477034
2025-09-20 04:00,41.19146128897127
2025-09-20 05:00,34.73505454740773
2025-09-20 06:00,32.07339566091692
2025-09-20 07:00,28.548323248623348
2025-09-20 08:00,27.991169709848776
2025-09-20 09:00,22.383325557522106
2025-09-20 10:00,21.811066167894158
2025-09-20 11:00,23.16700562838466
2025-09-20 12:00,26.933682216236733
2025-09-20 13:00,26.717661555391164
2025-09-20 14:00,28.83490444146094
2025-09-20 15:00,27.615791325661196
2025-09-20 16:00,36.14599152956284
2025-09-20 17:00,36.953776627977476
2025-09-20 18:00,34.69404561679748
2025-09-20 19:00,27.75678072541337
2025-09-20 20:00,23.470726110254414
2025-09-20 21:00,16.197712721218807
2025-09-20 22:00,9.944764137383327
2025-09-20 23:00,5.732999396564853
2025-09-21 00:00,4.793027179457258
2025-09-21 01:00,3.5454205731969384
2025-09-21 02:00,2.9902073247775305
2025-09-21 03:00,4.150011502931042
2025-09-21 04:00,2.8653905694395414
2025-09-21 05:00,3.8553393782883374
2025-09-21 06:00,7.7371851384898065
2025-09-21 07:00,7.2076235516511655
2025-09-21 08:00,6.424321110530161
2025-09-21 09:00,7.225511280949968
2025-09-21 10:00,4.126306617326702
2025-09-21 11:00,4.747429037821094
2025-09-21 12:00,8.09626892493012
2025-09-21 13:00,11.309023510441323
2025-09-21 14:00,15.813932820938236
2025-09-21 15:00,22.417075156595377
2025-09-21 16:00,23.43631642390831
2025-09-21 17:00,25.308939316782883
2025-09-21 18:00,25.712840098748757
2025-09-21 19:00,24.727779932938095
2025-09-21 20:00,20.0623797120992
2025-09-21 21:00,14.00239549752095
2025-09-21 22:00,9.88417138819608
2025-09-21 23:00,9.523726308371106
2025-09-22 00:00,6.736747421534578
2025-09-22 01:00,7.467274957481733
2025-09-22 02:00,7.71618211813014
2025-09-22 03:00,7.119416771416142
2025-09-22 04:00,8.671844351778327
2025-09-22 05:00,9.194848711056544
2025-09-22 06:00,6.1562595605872
2025-09-22 07:00,11.839335886856102
2025-09-22 08:00,8.81678629353255
2025-09-22 09:00,5.3158359537045285
2025-09-22 10:00,4.9428390622550715
2025-09-22 11:00,2.3488951977460584
2025-09-22 12:00,2.0672012482347997
2025-09-22 13:00,4.9707689188157165
2025-09-22 14:00,3.105502250305935
2025-09-22 15:00,4.68094026569222
2025-09-22 16:00,4.8140761446308
2025-09-22 17:00,6.252384078540694
2025-09-22 18:00,5.52748480456076
2025-09-22 19:00,5.81727175166286
2025-09-22 20:00,4.876108149012458
2025-09-22 21:00,5.627337968672078
2025-09-22 22:00,4.6752056372858775
2025-09-22 23:00,4.6351747411444375
2025-09-23 00:00,4.351712754934802
2025-09-23 01:00,3.5292259017324863
2025-09-23 02:00,3.800611965757403
2025-09-23 03:00,3.677091170674214
2025-09-23 04:00,3.1119732515403697
2025-09-23 05:00,3.9360708420368473
2025-09-23 06:00,3.061520088555248
2025-09-23 07:00,4.823057893334521
2025-09-23 08:00,4.722094419409554
2025-09-23 09:00,3.6915249157174213
2025-09-23 10:00,3.3969533917666297
2025-09-23 11:00,3.4820517433472897
2025-09-23 12:00,4.766932236011267
2025-09-23 13:00,6.324530574460428
2025-09-23 14:00,6.7411925634920555
2025-09-23 15:00,8.008843059836948
2025-09-23 16:00,9.359645360854522
2025-09-23 17:00,8.853119073535899
2025-09-23 18:00,7.062078262117433
2025-09-23 19:00,7.593712505202823
2025-09-23 20:00,9.328277069028772
2025-09-23 21:00,7.024756825696288
2025-09-23 22:00,5.190293590448629
2025-09-23 23:00,7.342012515810357
2025-09-24 00:00,9.474301004408357
2025-09-24 01:00,9.774245935651463
2025-09-24 02:00,9.233113271962665
2025-09-24 03:00,13.356911715006984
2025-09-24 04:00,11.83742306446648
2025-09-24 05:00,13.31509714823595
2025-09-24 06:00,12.973197931342243
2025-09-24 07:00,15.938509164438544
2025-09-24 08:00,18.289662884914257
2025-09-24 09:00,16.347577289421665
2025-09-24 10:00,19.546741894811937
2025-09-24 11:00,19.085678349573797
2025-09-24 12:00,26.0996596021428
2025-09-24 13:00,27.852908048140954
2025-09-24 14:00,27.19203858733466
2025-09-24 15:00,30.33864847799353
2025-09-24 16:00,29.775027535381007
2025-09-24 17:00,24.398125339810086
2025-09-24 18:00,24.69353348623732
2025-09-24 19:00,16.984083549052016
2025-09-24 20:00,20.57325725353983
2025-09-24 21:00,12.54244826301257
2025-09-24 22:00,7.358082589492324
2025-09-24 23:00,8.823436333023375
2025-09-25 00:00,8.103541395086376
2025-09-25 01:00,5.580551120130119
2025-09-25 02:00,4.476171023998672
2025-09-25 03:00,2.8929736112743663
2025-09-25 04:00,3.9638499335799597
2025-09-25 05:00,7.602440394485509
2025-09-25 06:00,11.108610149558476
2025-09-25 07:00,16.87236989869413
2025-09-25 08:00,15.303255373345625
2025-09-25 09:00,16.21141957339434
2025-09-25 10:00,10.782141147918786
2025-09-25 11:00,6.4644520117806605
2025-09-25 12:00,2.7077330975535485
2025-09-25 13:00,2.6964265341517537
2025-09-25 14:00,0.3424386848397833
2025-09-25 15:00,0.12200739630666045
2025-09-25 16:00,0.4325115687670622
2025-09-25 17:00,0.3424772548871833
2025-09-25 18:00,0.37039832244987625
2025-09-25 19:00,0.4418696233663686
2025-09-25 20:00,0.5699251006225128
2025-09-25 21:00,0.9589278143333893
2025-09-25 22:00,0.3239064959421464
2025-09-25 23:00,0.2233909373866191
2025-09-26 00:00,2.9963510597084366
2025-09-26 01:00,3.9512244400269756
2025-09-26 02:00,5.481910214712367
2025-09-26 03:00,10.804373186879978
2025-09-26 04:00,10.941061792095653
2025-09-26 05:00,11.464761037824765
2025-09-26 06:00,12.618902033691274
2025-09-26 07:00,9.575972317050564
2025-09-26 08:00,7.240006437696231
2025-09-26 09:00,3.915109520350569
2025-09-26 10:00,2.197333365615246
2025-09-26 11:00,1.8116139045914799
2025-09-26 12:00,2.0473082762472052
2025-09-26 13:00,3.4122938821465993
2025-09-26 14:00,3.32121692021097
2025-09-26 15:00,5.896362698065522
2025-09-26 16:00,7.555995423611696
2025-09-26 17:00,8.453114807021244
2025-09-26 18:00,8.811097177901804
2025-09-26 19:00,5.693902010301357
2025-09-26 20:00,8.34327100010941
2025-09-26 21:00,6.2763039110507854
2025-09-26 22:00,3.58233145456303
2025-09-26 23:00,1.3022864946588795
2025-09-27 00:00,2.3482375495890926
2025-09-27 01:00,2.27876456700303
2025-09-27 02:00,1.1781751661040119
2025-09-27 03:00,1.4406320893908617
2025-09-27 04:00,1.3239296952629145
2025-09-27 05:00,0.8048840104038496
2025-09-27 06:00,0.7178805913222048
2025-09-27 07:00,0.2302575851221549
2025-09-27 08:00,0.5412747223454493
2025-09-27 09:00,0.32517581832421855
2025-09-27 10:00,0.5773333778883335
2025-09-27 11:00,0.4460019552990592
2025-09-27 12:00,0.5923163902705149
2025-09-27 13:00,1.1543613320971005
2025-09-27 14:00,5.012445543257039
2025-09-27 15:00,3.534327420980059
2025-09-27 16:00,2.1733259302805363
2025-09-27 17:00,1.5093576560673068
2025-09-27 18:00,0.27272054617441316
2025-09-27 19:00,0.10494486597734681
2025-09-27 20:00,0.0
2025-09-27 21:00,0.056393528008531195
2025-09-27 22:00,0.23868388685044328
2025-09-27 23:00,0.35748742369343384
2025-09-28 00:00,0.3863999480370635
2025-09-28 01:00,0.6563007811636814
2025-09-28 02:00,1.823956441430706
2025-09-28 03:00,2.0025771119747082
2025-09-28 04:00,4.641191089170576
2025-09-28 05:00,11.099312712698474
2025-09-28 06:00,17.233892835373858
2025-09-28 07:00,17.64471619199088
2025-09-28 08:00,22.840152367589518
2025-09-28 09:00,35.994564178499814
2025-09-28 10:00,30.611979190059515
2025-09-28 11:00,30.261634721945015
2025-09-28 12:00,28.262274929215142
2025-09-28 13:00,22.147308920600345
2025-09-28 14:00,14.932151629041574
2025-09-28 15:00,10.226549307916159
2025-09-28 16:00,10.802273650847548
2025-09-28 17:00,5.775129599094681
2025-09-28 18:00,5.582722664929383
2025-09-28 19:00,7.479464693325406
2025-09-28 20:00,6.316350012654187
2025-09-28 21:00,3.3973040061438162
2025-09-28 22:00,4.2069342252871
2025-09-28 23:00,3.027795828642337
2025-09-29 00:00,0.9406172067292451
2025-09-29 01:00,0.6379090313322607
2025-09-29 02:00,0.7478764341583998
2025-09-29 03:00,3.9258653448734435
2025-09-29 04:00,7.027907272536859
2025-09-29 05:00,10.409715549711805
2025-09-29 06:00,10.078661734733661
2025-09-29 07:00,10.713953161556207
2025-09-29 08:00,9.236054682962742
2025-09-29 09:00,7.325220456097503
2025-09-29 10:00,5.072618476977777
2025-09-29 11:00,3.2587828422264313
2025-09-29 12:00,1.722237915547352
2025-09-29 13:00,1.527348074562715
2025-09-29 14:00,1.753937100113126
2025-09-29 15:00,2.3109172570772616
2025-09-29 16:00,1.7056829513278533
2025-09-29 17:00,1.065145885209542
2025-09-29 18:00,0.29395826524142965
2025-09-29 19:00,0.25401283161029037
2025-09-29 20:00,0.8316428876129172
2025-09-29 21:00,0.6557801975201649
2025-09-29 22:00,0.067902707629848
2025-09-29 23:00,0.5467220616702919
2025-09-30 00:00,0.4181951446238257
2025-09-30 01:00,0.3929011954200117
2025-09-30 02:00,0.5022682275785781
2025-09-30 03:00,0.18011815329633704
2025-09-30 04:00,0.36857066580508824
2025-09-30 05:00,0.30890713208332654
2025-09-30 06:00,0.26618640353154266
2025-09-30 07:00,0.12987104089584608
2025-09-30 08:00,0.040643521380117224
2025-09-30 09:00,0.032350773455698006
2025-09-30 10:00,0.06641578510269949
2025-09-30 11:00,0.1482531333959925
2025-09-30 12:00,0.3632876956785442
2025-09-30 13:00,0.30074564674665133
2025-09-30 14:00,1.694008007189781
2025-09-30 15:00,3.057652372732445
2025-09-30 16:00,4.356127022815601
2025-09-30 17:00,6.274366838381732
2025-09-30 18:00,4.44129292423982
2025-09-30 19:00,2.5329485542378634
2025-09-30 20:00,1.2657095276275208
2025-09-30 21:00,0.7948606055473459
2025-09-30 22:00,0.639734763667002
2025-09-30 23:00,0.6478062602209189
2025-10-01 00:00,2.98257069014083
2025-10-01 01:00,3.2548662180654535
2025-10-01 02:00,3.484868959671348
2025-10-01 03:00,5.124512807837382
2025-10-01 04:00,4.630933146316432
2025-10-01 05:00,4.673800350199074
2025-10-01 06:00,4.504430546376887
2025-10-01 07:00,2.4575641309748155
2025-10-01 08:00,0.43491749231920274
2025-10-01 09:00,0.9088155819955861
2025-10-01 10:00,0.10134986259033556
2025-10-01 11:00,0.6798165552450516
2025-10-01 12:00,1.279925293969896
2025-10-01 13:00,1.2082040691119111
2025-10-01 14:00,2.6739925454536473
2025-10-01 15:00,4.130005103763966
2025-10-01 16:00,5.085906048484471
2025-10-01 17:00,8.852921241952243
2025-10-01 18:00,2.885028419801862
2025-10-01 19:00,4.603750384902812
2025-10-01 20:00,6.565352937055614
2025-10-01 21:00,3.6210833418424277
2025-10-01 22:00,2.114822144958091
2025-10-01 23:00,1.0176691060608458
2025-10-02 00:00,0.07417961788613463
2025-10-02 01:00,0.5183119846755193
2025-10-02 02:00,0.8607996799051976
2025-10-02 03:00,0.5352899481669937
2025-10-02 04:00,0.4236479691150591
2025-10-02 05:00,0.24721843216831182
2025-10-02 06:00,0.5185218928381876
2025-10-02 07:00,0.32254360401450183
2025-10-02 08:00,0.15654416549837138
2025-10-02 09:00,0.19278750120720511
2025-10-02 10:00,0.3291251013195621
2025-10-02 11:00,0.18565052912791133
2025-10-02 12:00,0.1609288804265882
2025-10-02 13:00,0.3773106256515168
2025-10-02 14:00,0.21249296571086973
2025-10-02 15:00,0.5563877126819594
2025-10-02 16:00,0.5096230470554021
2025-10-02 17:00,0.3796225055078389
2025-10-02 18:00,0.3787287253313077
2025-10-02 19:00,0.8460767569982528
2025-10-02 20:00,1.167818775618787
2025-10-02 21:00,0.07682943731710122
2025-10-02 22:00,1.5037700236293463
2025-10-02 23:00,0.8942253509586444
2025-10-03 00:00,1.0257211804452924
2025-10-03 01:00,2.322644532871834
2025-10-03 02:00,3.75337796842004
2025-10-03 03:00,4.987332241996436
2025-10-03 04:00,11.047183763473994
2025-10-03 05:00,8.31777068817917
2025-10-03 06:00,9.306493174068887
2025-10-03 07:00,13.8624675064159
2025-10-03 08:00,17.776976353160812
2025-10-03 09:00,18.960895884158013
2025-10-03 10:00,25.077186689535594
2025-10-03 11:00,28.486562818763318
2025-10-03 12:00,33.168438148933795
2025-10-03 13:00,29.624672207740304
2025-10-03 14:00,30.807110184155178
2025-10-03 15:00,32.46210842945812
2025-10-03 16:00,32.93026644842692
2025-10-03 17:00,30.102786522031217
2025-10-03 18:00,37.42631111759724
2025-10-03 19:00,31.782507705588017
2025-10-03 20:00,32.65476891943668
2025-10-03 21:00,24.50562131493089
2025-10-03 22:00,18.6780542158831
2025-10-03 23:00,16.060126098090805
2025-10-04 00:00,9.888465900895646
2025-10-04 01:00,4.518950001645125
2025-10-04 02:00,2.790869038350165
2025-10-04 03:00,5.396645504327083
2025-10-04 04:00,5.553071708843337
2025-10-04 05:00,6.054329750696583
2025-10-04 06:00,6.13758668688628
2025-10-04 07:00,8.191534201617799
2025-10-04 08:00,9.302447486700178
2025-10-04 09:00,2.667830152831448
2025-10-04 10:00,2.3708841094774886
2025-10-04 11:00,3.0316987606576165
2025-10-04 12:00,2.5413051210242417
2025-10-04 13:00,3.7362270534422732
2025-10-04 14:00,3.2274213617907304
2025-10-04 15:00,3.530169868440823
2025-10-04 16:00,4.143622632272783
2025-10-04 17:00,2.430055334445104
2025-10-04 18:00,1.2671926016758601
2025-10-04 19:00,1.3311434361563734
2025-10-04 20:00,2.3938905224461506
2025-10-04 21:00,3.23419524666478
2025-10-04 22:00,2.9831403894153903
2025-10-04 23:00,3.3379289636248473
2025-10-05 00:00,2.620679009351609
2025-10-05 01:00,1.0816841596183635
2025-10-05 02:00,1.3431335510171243
2025-10-05 03:00,0.7618001796140842
2025-10-05 04:00,0.9064235363892558
2025-10-05 05:00,1.1790309892381887
2025-10-05 06:00,1.3129892492562187
2025-10-05 07:00,0.9996222502149161
2025-10-05 08:00,0.7259340575108387
2025-10-05 09:00,0.7818028910633141
2025-10-05 10:00,0.5946490492311209
2025-10-05 11:00,0.0
2025-10-05 12:00,0.0
2025-10-05 13:00,0.02058113703101501
2025-10-05 14:00,0.04561792646750682
2025-10-05 15:00,0.26853467026242517
2025-10-05 16:00,0.2430269190438057
2025-10-05 17:00,0.4710333335637861
2025-10-05 18:00,0.6622239113938081
2025-10-05 19:00,1.7135415098084699
2025-10-05 20:00,1.3865927706077148
2025-10-05 21:00,0.7824427509475096
2025-10-05 22:00,0.9980642457266873
2025-10-05 23:00,0.7590702717174356
2025-10-06 00:00,0.6413279648613519
2025-10-06 01:00,0.7099400435953427
2025-10-06 02:00,0.7139271558353548
2025-10-06 03:00,0.8038143805626099
2025-10-06 04:00,0.8420751508879973
2025-10-06 05:00,1.3119902325458719
2025-10-06 06:00,2.2374162696496382
2025-10-06 07:00,2.93898226377011
2025-10-06 08:00,5.914259571058441
2025-10-06 09:00,10.519439266927366
2025-10-06 10:00,7.96113974206669
2025-10-06 11:00,8.402320787788103
2025-10-06 12:00,9.593706909433294
2025-10-06 13:00,9.470959921365836
2025-10-06 14:00,9.095434210621914
2025-10-06 15:00,8.299069505693229
2025-10-06 16:00,13.834408440836363
2025-10-06 17:00,20.565898179153393
2025-10-06 18:00,27.053699525555686
2025-10-06 19:00,29.044362417050515
2025-10-06 20:00,39.972993580099114
2025-10-06 21:00,43.953068197026624
2025-10-06 22:00,47.795187164585826
2025-10-06 23:00,43.87473682445132
2025-10-07 00:00,41.141580881549
2025-10-07 01:00,37.041982316181695
2025-10-07 02:00,35.83395687381598
2025-10-07 03:00,34.68572785652469
2025-10-07 04:00,32.423311622424734
2025-10-07 05:00,19.769422865051766
2025-10-07 06:00,17.5404998869642
2025-10-07 07:00,11.672527692028638
2025-10-07 08:00,8.315107758101835
2025-10-07 09:00,4.343253541796947
2025-10-07 10:00,5.316019274456991
2025-10-07 11:00,4.548679341822212
2025-10-07 12:00,5.217841812329985
2025-10-07 13:00,4.026980285460999
2025-10-07 14:00,3.3658315692627814
2025-10-07 15:00,6.26457715505657
2025-10-07 16:00,4.213970698779341
2025-10-07 17:00,3.7076854465029783
2025-10-07 18:00,2.646366450713067
2025-10-07 19:00,2.0197772596417805
2025-10-07 20:00,0.6000535240735213
2025-10-07 21:00,1.0678444330471502
2025-10-07 22:00,0.5892547346322754
2025-10-07 23:00,2.393273376289311
2025-10-08 00:00,6.812347678489935
2025-10-08 01:00,6.820477251383691
2025-10-08 02:00,8.594335426897997
2025-10-08 03:00,9.439864150126459
2025-10-08 04:00,9.562232467394988
2025-10-08 05:00,11.54682467893598
2025-10-08 06:00,13.202253502287114
2025-10-08 07:00,12.832332292659562
2025-10-08 08:00,12.700934346852499
2025-10-08 09:00,9.74025162843012
2025-10-08 10:00,7.870371592393274
2025-10-08 11:00,10.078213674164548
2025-10-08 12:00,10.762537799278487
2025-10-08 13:00,14.82349045330881
2025-10-08 14:00,17.499240740245536
2025-10-08 15:00,15.293589375601094
2025-10-08 16:00,16.234451052721223
2025-10-08 17:00,12.284907054546611
2025-10-08 18:00,8.184710960809088
2025-10-08 19:00,7.811655112378686
2025-10-08 20:00,7.265043420217323
2025-10-08 21:00,4.320656842634252
2025-10-08 22:00,2.824764534674376
2025-10-08 23:00,2.545028185360314
2025-10-09 00:00,2.3124009853949845
2025-10-09 01:00,2.8167322824021443
2025-10-09 02:00,2.782633004985834
2025-10-09 03:00,2.6650727606432243
2025-10-09 04:00,4.239609176285528
2025-10-09 05:00,3.470200981997034
2025-10-09 06:00,8.108111294135337
2025-10-09 07:00,9.95087888219988
2025-10-09 08:00,10.311305325928677
2025-10-09 09:00,3.9004255635693013
2025-10-09 10:00,2.742014199240704
2025-10-09 11:00,2.0044064702929227
2025-10-09 12:00,3.3457874239967076
2025-10-09 13:00,1.8902157263028962
2025-10-09 14:00,1.1027866500769452
2025-10-09 15:00,1.7523705925304935
2025-10-09 16:00,0.6959236673083009
2025-10-09 17:00,3.4756682211904706
2025-10-09 18:00,4.457117884013466
2025-10-09 19:00,5.763331308275491
2025-10-09 20:00,10.944494538260034
2025-10-09 21:00,10.03944883214061
2025-10-09 22:00,9.090117976970761
2025-10-09 23:00,10.954257424994903
2025-10-10 00:00,11.99744177745707
2025-10-10 01:00,9.266111826235848
2025-10-10 02:00,10.13713014939174
2025-10-10 03:00,9.34463463989489
2025-10-10 04:00,6.951522611313661
2025-10-10 05:00,4.81008558969233
2025-10-10 06:00,6.814342666660885
2025-10-10 07:00,3.300564486011478
2025-10-10 08:00,1.7665607505578118
2025-10-10 09:00,1.5031495181802617
2025-10-10 10:00,0.13803439704382725
2025-10-10 11:00,0.18566618613425134
2025-10-10 12:00,0.1830135047005172
2025-10-10 13:00,0.34565166911620704
2025-10-10 14:00,0.6406677013559265
2025-10-10 15:00,1.1619358028246354
2025-10-10 16:00,1.0769196493784636
2025-10-10 17:00,0.3551808712631557
2025-10-10 18:00,1.0664264775986232
2025-10-10 19:00,0.2695487036062417
2025-10-10 20:00,0.6965492551369771
2025-10-10 21:00,0.8103430425964797
2025-10-10 22:00,1.2385137710378422
2025-10-10 23:00,0.555760832139481
2025-10-11 00:00,2.594670831837883
2025-10-11 01:00,1.602217011585963
2025-10-11 02:00,0.26273779914319767
2025-10-11 03:00,1.6809925028342523
2025-10-11 04:00,1.0402489817028773
2025-10-11 05:00,2.403668908386221
2025-10-11 06:00,1.4988217039772564
2025-10-11 07:00,1.6955080522457462
2025-10-11 08:00,0.5659271136600735
2025-10-11 09:00,1.9257685504844764
2025-10-11 10:00,0.8005195457108483
2025-10-11 11:00,1.183924342580942
2025-10-11 12:00,1.4027644520893654
2025-10-11 13:00,2.1293736775056256
2025-10-11 14:00,2.7710451786295414
2025-10-11 15:00,3.114913254550965
2025-10-11 16:00,2.013844825984295
2025-10-11 17:00,2.440784674130689
2025-10-11 18:00,1.0445645948461513
2025-10-11 19:00,2.864444656856957
2025-10-11 20:00,3.5481237355933364
2025-10-11 21:00,3.130355859403722
2025-10-11 22:00,3.445235962422437
2025-10-11 23:00,3.3322602264337355
2025-10-12 00:00,3.6706277180785967
2025-10-12 01:00,4.125002759518586
2025-10-12 02:00,6.336545589615135
2025-10-12 03:00,5.426450258639105
2025-10-12 04:00,3.4611264869737104
2025-10-12 05:00,5.1795308712259
2025-10-12 06:00,4.773888536719925
2025-10-12 07:00,6.765478611302868
2025-10-12 08:00,6.002741316576206
2025-10-12 09:00,3.5292599246060985
2025-10-12 10:00,2.549016986436297
2025-10-12 11:00,1.7503994474756497
2025-10-12 12:00,2.7035060236403092
2025-10-12 13:00,4.478235545156159
2025-10-12 14:00,4.714578455510504
2025-10-12 15:00,2.439090245072521
2025-10-12 16:00,2.1154021730825807
2025-10-12 17:00,1.1163505876533146
2025-10-12 18:00,0.8346180225963544
2025-10-12 19:00,1.2861261853623098
2025-10-12 20:00,2.1542335566533315
2025-10-12 21:00,1.022277983046309
2025-10-12 22:00,2.8745715992445486
2025-10-12 23:00,2.4541989178255523
2025-10-13 00:00,3.0743384352493193
2025-10-13 01:00,2.1742638031371078
2025-10-13 02:00,0.7713138522693243
2025-10-13 03:00,0.8644658156774869
2025-10-13 04:00,2.12279314638371
2025-10-13 05:00,1.387992844386545
2025-10-13 06:00,1.5569420653192252
2025-10-13 07:00,4.232799750386917
2025-10-13 08:00,6.397530639242275
2025-10-13 09:00,7.2305607590192675
2025-10-13 10:00,10.563733190328424
2025-10-13 11:00,17.90006979791744
2025-10-13 12:00,17.506243284940453
2025-10-13 13:00,26.90238515319936
2025-10-13 14:00,26.45491572238967
2025-10-13 15:00,30.567692560549432
2025-10-13 16:00,34.58365259164793
2025-10-13 17:00,30.98143854594072
2025-10-13 18:00,24.372867052048527
2025-10-13 19:00,16.84723592572584
2025-10-13 20:00,16.939981317188177
2025-10-13 21:00,12.699385116983539
2025-10-13 22:00,13.208737262049787
2025-10-13 23:00,12.421352753370329
2025-10-14 00:00,10.113260351387144
2025-10-14 01:00,8.828706140893246
2025-10-14 02:00,5.078445939931991
2025-10-14 03:00,8.287405008807779
2025-10-14 04:00,5.637487379474722
2025-10-14 05:00,5.824999288783005
2025-10-14 06:00,4.2317162977914515
2025-10-14 07:00,4.030160459543504
2025-10-14 08:00,3.7624934448721143
2025-10-14 09:00,2.1508534830341657
2025-10-14 10:00,1.5450195780461584
2025-10-14 11:00,0.7323901978808909
2025-10-14 12:00,0.15096666706691278
2025-10-14 13:00,0.3963560899599762
2025-10-14 14:00,0.2852020891786178
2025-10-14 15:00,0.3862247498337005
2025-10-14 16:00,0.5073706793014914
2025-10-14 17:00,0.5476408487666911
2025-10-14 18:00,0.4583850240011492
2025-10-14 19:00,0.817982667903497
2025-10-14 20:00,2.4360253091841697
2025-10-14 21:00,1.2928500162439678
2025-10-14 22:00,1.3103612586658464
2025-10-14 23:00,2.295008985163784
2025-10-15 00:00,2.0625009109416377
2025-10-15 01:00,2.8794008513606593
2025-10-15 02:00,3.1230399096987167
2025-10-15 03:00,2.88269799088752
2025-10-15 04:00,3.6852419227251128
2025-10-15 05:00,3.9177720123033106
2025-10-15 06:00,3.6716148563359923
2025-10-15 07:00,3.3651980706997087
2025-10-15 08:00,4.3202150423526495
2025-10-15 09:00,3.5024572160569636
2025-10-15 10:00,1.836447427773872
2025-10-15 11:00,1.448229570354256
2025-10-15 12:00,1.6247432048903754
2025-10-15 13:00,0.27506602873690394
2025-10-15 14:00,0.2707926568518071
2025-10-15 15:00,0.8759796727875824
2025-10-15 16:00,3.5594905614741448
2025-10-15 17:00,8.907929398744685
2025-10-15 18:00,12.375845968926171
2025-10-15 19:00,18.583558791899424
2025-10-15 20:00,19.806263218558446
2025-10-15 21:00,28.926850290127682
2025-10-15 22:00,31.526895286395717
2025-10-15 23:00,34.29219351133126
2025-10-16 00:00,37.49805516178799
2025-10-16 01:00,44.42857598296601
2025-10-16 02:00,43.747250463834675
2025-10-16 03:00,42.11816218901156
2025-10-16 04:00,40.10642299297044
2025-10-16 05:00,31.062488808761177
2025-10-16 06:00,24.531310650651633
2025-10-16 07:00,17.06703148473626
2025-10-16 08:00,12.423746150601293
2025-10-16 09:00,11.236398674083327
2025-10-16 10:00,10.368914501416736
2025-10-16 11:00,5.440296276880861
2025-10-16 12:00,9.128305419560434
2025-10-16 13:00,12.349605440061714
2025-10-16 14:00,19.61315560787483
2025-10-16 15:00,20.903598864035416
2025-10-16 16:00,21.251743612824704
2025-10-16 17:00,22.16878229102325
2025-10-16 18:00,19.54035808885525
2025-10-16 19:00,17.145606320200024
2025-10-16 20:00,14.550719711714294
2025-10-16 21:00,14.476754108362108
2025-10-16 22:00,10.125316499153318
2025-10-16 23:00,6.455503503437367
2025-10-17 00:00,4.9402164406437805
2025-10-17 01:00,6.914434389381082
2025-10-17 02:00,8.530951167693374
2025-10-17 03:00,7.296921302713408
2025-10-17 04:00,5.929055977988833
2025-10-17 05:00,7.597698098334028
2025-10-17 06:00,4.78272555431601
2025-10-17 07:00,6.228300160403467
2025-10-17 08:00,5.1640038016073
2025-10-17 09:00,2.306868803768367
2025-10-17 10:00,1.4747545424938435
2025-10-17 11:00,1.3369916193770923
2025-10-17 12:00,1.2156138370586609
2025-10-17 13:00,2.7306466281535346
2025-10-17 14:00,3.152698146131825
2025-10-17 15:00,7.00521618925608
2025-10-17 16:00,8.379721764650387
2025-10-17 17:00,7.222633330014414
2025-10-17 18:00,8.188958455982036
2025-10-17 19:00,20.744930120791715
2025-10-17 20:00,18.524261836519745
2025-10-17 21:00,11.669930702197915
2025-10-17 22:00,32.72911891718133
2025-10-17 23:00,30.605973669109062
2025-10-18 00:00,33.286375070504434
2025-10-18 01:00,38.04385385116509
2025-10-18 02:00,39.90882271304616
2025-10-18 03:00,38.648309841068276
2025-10-18 04:00,39.208492361135036
2025-10-18 05:00,33.7768598919622
2025-10-18 06:00,29.268152438722716
2025-10-18 07:00,30.604042302459092
2025-10-18 08:00,31.08481120291379
2025-10-18 09:00,28.716095422082248
2025-10-18 10:00,30.491704474774963
2025-10-18 11:00,36.57068985472631
2025-10-18 12:00,37.658428306863854
2025-10-18 13:00,36.863235818452324
2025-10-18 14:00,38.375940587637515
2025-10-18 15:00,39.36793237768288
2025-10-18 16:00,35.921861245437654
2025-10-18 17:00,34.21332967962287
2025-10-18 18:00,24.831701094239435
2025-10-18 19:00,22.645013474816132
2025-10-18 20:00,18.74033933286154
2025-10-18 21:00,10.958663039682346
2025-10-18 22:00,9.487593012466627
2025-10-18 23:00,6.265395768250375
2025-10-19 00:00,4.537069768271235
2025-10-19 01:00,4.6122201355104036
2025-10-19 02:00,5.323785168822081
2025-10-19 03:00,4.996798733832463
2025-10-19 04:00,4.718775550324732
2025-10-19 05:00,4.25030634030735
2025-10-19 06:00,4.068803713570633
2025-10-19 07:00,1.3072791651657902
2025-10-19 08:00,0.8804252081815848
2025-10-19 09:00,0.44141949604489966
2025-10-19 10:00,0.5822871701095568
2025-10-19 11:00,0.5266693716571221
2025-10-19 12:00,1.7408057709474014
2025-10-19 13:00,5.963283010226586
2025-10-19 14:00,18.340186184556917
2025-10-19 15:00,24.681334190760907
2025-10-19 16:00,35.18615137423116
2025-10-19 17:00,37.33873608632953
2025-10-19 18:00,46.28822564054201
2025-10-19 19:00,51.61832964663523
2025-10-19 20:00,54.04592707246333
2025-10-19 21:00,54.546513923200024
2025-10-19 22:00,55.775227782762514
2025-10-19 23:00,56.14267757709762
2025-10-20 00:00,59.16733787363654
2025-10-20 01:00,57.55746754193284
2025-10-20 02:00,56.49914959727651
2025-10-20 03:00,53.26970088410603
2025-10-20 04:00,47.0189720641284
2025-10-20 05:00,45.7855199474914
2025-10-20 06:00,42.06034937911766
2025-10-20 07:00,39.1000370622054
2025-10-20 08:00,33.65651119135793
2025-10-20 09:00,30.327544152479447
2025-10-20 10:00,27.20107836804373
2025-10-20 11:00,29.787901219019837
2025-10-20 12:00,32.46612308857034
2025-10-20 13:00,32.02742750357834
2025-10-20 14:00,34.70216671639362
2025-10-20 15:00,36.38976845872461
2025-10-20 16:00,38.116113905734714
2025-10-20 17:00,39.36797208410543
2025-10-20 18:00,39.926454709875806
2025-10-20 19:00,37.684875082116875
2025-10-20 20:00,37.399901933489325
2025-10-20 21:00,31.801698482235572
2025-10-20 22:00,27.904440901127174
2025-10-20 23:00,25.424654574308434
2025-10-21 00:00,18.576507027370237
2025-10-21 01:00,18.117705301033105
2025-10-21 02:00,17.0808432656479
2025-10-21 03:00,18.80490524926394
2025-10-21 04:00,20.416480784158754
2025-10-21 05:00,20.162883414852544
2025-10-21 06:00,21.05136249935532
2025-10-21 07:00,18.190403947237975
2025-10-21 08:00,21.171133379252147
2025-10-21 09:00,19.741655621776275
2025-10-21 10:00,16.437840281080085
2025-10-21 11:00,18.963114024550208
2025-10-21 12:00,25.42815758628476
2025-10-21 13:00,29.927153506468606
2025-10-21 14:00,31.37857050036283
2025-10-21 15:00,36.89169941096665
2025-10-21 16:00,41.134110405017196
2025-10-21 17:00,37.335999728135086
2025-10-21 18:00,34.85907479467819
2025-10-21 19:00,37.16582713923519
2025-10-21 20:00,35.18194565003833
2025-10-21 21:00,26.791678051669972
2025-10-21 22:00,22.118354864195496
2025-10-21 23:00,19.015360026018158
2025-10-22 00:00,18.04784539202729
2025-10-22 01:00,17.444242278978038
2025-10-22 02:00,16.72206451366803
2025-10-22 03:00,17.654109607796123
2025-10-22 04:00,17.24529383980429
2025-10-22 05:00,16.30051870015804
2025-10-22 06:00,17.07102339367513
2025-10-22 07:00,14.062765617511138
2025-10-22 08:00,8.940973641654232
2025-10-22 09:00,7.981457111610405
2025-10-22 10:00,5.735495636236045
2025-10-22 11:00,3.6891089759103766
2025-10-22 12:00,2.838447057335281
2025-10-22 13:00,2.4031635770309023
2025-10-22 14:00,3.155576245157863
2025-10-22 15:00,6.1304098414243375
2025-10-22 16:00,6.8275076260428325
2025-10-22 17:00,8.18377757928876
2025-10-22 18:00,12.830837218442838
2025-10-22 19:00,9.707479563275857
2025-10-22 20:00,9.477573638731712
2025-10-22 21:00,8.28061280218727
2025-10-22 22:00,7.580647252236025
2025-10-22 23:00,3.8219533726585158
2025-10-23 00:00,2.9617371308274993
2025-10-23 01:00,4.5566547511065565
2025-10-23 02:00,6.816223742227818
2025-10-23 03:00,6.981296018028262
2025-10-23 04:00,4.975605638203398
2025-10-23 05:00,3.182075512532111
2025-10-23 06:00,1.2431243602651458
2025-10-23 07:00,0.4302288988492747
2025-10-23 08:00,1.3311948823295148
2025-10-23 09:00,0.311112502605821
2025-10-23 10:00,0.13622593590944243
2025-10-23 11:00,0.020899965859568794
2025-10-23 12:00,1.0103661453746096
2025-10-23 13:00,1.663839519875724
2025-10-23 14:00,2.1004522829963332
2025-10-23 15:00,4.805131076303564
2025-10-23 16:00,8.362950530032169
2025-10-23 17:00,10.74063474238068
2025-10-23 18:00,11.192930827940932
2025-10-23 19:00,10.094516862850547
2025-10-23 20:00,9.764204331843121
2025-10-23 21:00,10.757839700524464
2025-10-23 22:00,5.5805692994193805
2025-10-23 23:00,6.893896977781919
2025-10-24 00:00,6.457339207507516
2025-10-24 01:00,4.439519986874709
2025-10-24 02:00,2.9649883273310937
2025-10-24 03:00,4.430061017919479
2025-10-24 04:00,5.200788582235926
2025-10-24 05:00,5.0320581101474104
2025-10-24 06:00,7.405026721902109
2025-10-24 07:00,6.945976274968742
2025-10-24 08:00,5.1227291158002695
2025-10-24 09:00,3.6974868508774748
2025-10-24 10:00,2.1251923362167675
2025-10-24 11:00,0.836939059480413
2025-10-24 12:00,0.9784653991349274
2025-10-24 13:00,1.5139594592645031
2025-10-24 14:00,2.6184793914573623
2025-10-24 15:00,3.406880061372596
2025-10-24 16:00,6.673553046295103
2025-10-24 17:00,4.891371076682773
2025-10-24 18:00,4.21224657906656
2025-10-24 19:00,4.507475154499381
2025-10-24 20:00,3.3276968751645946
2025-10-24 21:00,3.968065171244316
2025-10-24 22:00,2.859496513949824
2025-10-24 23:00,2.322968642584679
2025-10-25 00:00,1.8599297498390186
2025-10-25 01:00,0.15072196489064735
2025-10-25 02:00,0.32501370023984016
2025-10-25 03:00,1.1114935821971463
2025-10-25 04:00,0.7388060000515403
2025-10-25 05:00,1.1828323183915423
2025-10-25 06:00,0.8480134687892069
2025-10-25 07:00,1.750583511184597
2025-10-25 08:00,1.5200581261598405
2025-10-25 09:00,2.4413865237172083
2025-10-25 10:00,3.522985497570298
2025-10-25 11:00,4.565405242061221
2025-10-25 12:00,5.415137918959874
2025-10-25 13:00,10.323643039985022
2025-10-25 14:00,11.3935995019141
2025-10-25 15:00,16.6723457487483
2025-10-25 16:00,15.985536979538562
2025-10-25 17:00,15.162340156146154
2025-10-25 18:00,17.951578600020163
2025-10-25 19:00,16.11692986684521
2025-10-25 20:00,13.950043092310748
2025-10-25 21:00,12.162629240440905
2025-10-25 22:00,7.3256590290975145
2025-10-25 23:00,5.671872678336341
2025-10-26 00:00,4.7524590839016785
2025-10-26 01:00,5.9793891177204745
2025-10-26 02:00,5.281810002658506
2025-10-26 03:00,3.73723546239581
2025-10-26 04:00,6.419704789755946
2025-10-26 05:00,12.22216415512688
2025-10-26 06:00,10.57604379396445
2025-10-26 07:00,7.401325390794387
2025-10-26 08:00,7.913996304677278
2025-10-26 09:00,9.285297182395277
2025-10-26 10:00,11.027187313877956
2025-10-26 11:00,14.791196975386779
2025-10-26 12:00,19.58431517734074
2025-10-26 13:00,21.77161166698908
2025-10-26 14:00,22.96506446767617
2025-10-26 15:00,25.65323044391836
2025-10-26 16:00,28.391051058629444
2025-10-26 17:00,30.16164643130541
2025-10-26 18:00,31.279094194992346
2025-10-26 19:00,21.72191569461859
2025-10-26 20:00,26.50356907037351
2025-10-26 21:00,24.137050746629257
2025-10-26 22:00,26.47038836145699
2025-10-26 23:00,29.85897403009576
2025-10-27 00:00,40.06368020823792
2025-10-27 01:00,53.21372345752472
2025-10-27 02:00,53.47417116561067
2025-10-27 03:00,51.68690771253307
2025-10-27 04:00,55.46809828742242
2025-10-27 05:00,56.96837210949967
2025-10-27 06:00,57.528548733466714
2025-10-27 07:00,49.506492409982286
2025-10-27 08:00,44.184696227246405
2025-10-27 09:00,36.80461780716314
2025-10-27 10:00,35.37644418832296
2025-10-27 11:00,31.569998075515663
2025-10-27 12:00,30.228783097885547
2025-10-27 13:00,31.637056678936837
2025-10-27 14:00,32.82271456987921
2025-10-27 15:00,34.79925226942052
2025-10-27 16:00,34.681986059515005
2025-10-27 17:00,41.280909645666355
2025-10-27 18:00,39.54314912149529
2025-10-27 19:00,37.56277451012555
2025-10-27 20:00,28.134471288140148
2025-10-27 21:00,18.840529338279104
2025-10-27 22:00,11.867528002972499
2025-10-27 23:00,16.497838194432227
2025-10-28 00:00,12.095284253694821
2025-10-28 01:00,14.590029850195702
2025-10-28 02:00,14.810009382633321
2025-10-28 03:00,15.245211913231907
2025-10-28 04:00,13.901900571325438
2025-10-28 05:00,13.257435238259042
2025-10-28 06:00,16.315375232931203
2025-10-28 07:00,15.672973139118264
2025-10-28 08:00,14.721551595737651
2025-10-28 09:00,13.732978944955375
2025-10-28 10:00,13.332377497549064
2025-10-28 11:00,12.505333450828978
2025-10-28 12:00,13.689595580832819
2025-10-28 13:00,13.420069954162656
2025-10-28 14:00,12.321327146045537
2025-10-28 15:00,10.928487407362407
2025-10-28 16:00,8.416552080139997
2025-10-28 17:00,5.0069728107149665
2025-10-28 18:00,4.845666215138676
2025-10-28 19:00,1.4588468209038852
2025-10-28 20:00,3.1542514364622845
2025-10-28 21:00,1.79675364463965
2025-10-28 22:00,0.9395666189507113
2025-10-28 23:00,0.729492387024259
2025-10-29 00:00,3.1879673863827005
2025-10-29 01:00,3.6923098118868958
2025-10-29 02:00,4.423244302054375
2025-10-29 03:00,4.336202583552671
2025-10-29 04:00,7.721757195360539
2025-10-29 05:00,4.122714447664539
2025-10-29 06:00,7.642874703828978
2025-10-29 07:00,7.5212008909042485
2025-10-29 08:00,3.051841280445693
2025-10-29 09:00,2.1030011244925344
2025-10-29 10:00,2.8850580814827307
2025-10-29 11:00,2.198215170732054
2025-10-29 12:00,0.5190787811427704
2025-10-29 13:00,0.8832666724491282
2025-10-29 14:00,0.34779357838919694
2025-10-29 15:00,1.595734168537248
2025-10-29 16:00,1.9100205718750618
2025-10-29 17:00,4.268001964856739
2025-10-29 18:00,5.8956099028468305
2025-10-29 19:00,5.135906448534731
2025-10-29 20:00,8.015636993329025
2025-10-29 21:00,6.329237395286453
2025-10-29 22:00,4.7370731052002135
2025-10-29 23:00,5.328825033152491
2025-10-30 00:00,5.786203157792238
2025-10-30 01:00,8.80813549903448
2025-10-30 02:00,9.04263665875362
2025-10-30 03:00,8.981505129880576
2025-10-30 04:00,5.597570967187824
2025-10-30 05:00,4.202883964113614
2025-10-30 06:00,2.503996648488561
2025-10-30 07:00,1.8527343573079869
2025-10-30 08:00,0.2599975273741751
2025-10-30 09:00,0.10841992793921924
2025-10-30 10:00,0.32930389052764214
2025-10-30 11:00,0.37232142651598277
2025-10-30 12:00,0.12852256383860844
2025-10-30 13:00,0.6564206789315685
2025-10-30 14:00,1.2971319837651487
2025-10-30 15:00,0.42525042031587457
2025-10-30 16:00,0.9631103602977682
2025-10-30 17:00,1.1285566075993094
2025-10-30 18:00,1.4626443222688312
2025-10-30 19:00,1.2848632128288082
2025-10-30 20:00,1.7886406673121686
2025-10-30 21:00,2.726638712374368
2025-10-30 22:00,2.4995409324604507
2025-10-30 23:00,1.5057370741827663
2025-10-31 00:00,4.992384596569057
2025-10-31 01:00,6.7339666016763395
2025-10-31 02:00,7.068698725652917
2025-10-31 03:00,4.123892561449638
2025-10-31 04:00,7.349972312283418
2025-10-31 05:00,4.84682854073124
2025-10-31 06:00,4.614221699602248
2025-10-31 07:00,3.3958410540961763
2025-10-31 08:00,1.259950736450688
2025-10-31 09:00,2.1682878604578564
2025-10-31 10:00,1.2265060538803947
2025-10-31 11:00,0.6179231767904301
2025-10-31 12:00,0.5606816993796973
2025-10-31 13:00,1.296200036832209
2025-10-31 14:00,2.4409717513592852
2025-10-31 15:00,5.591753767551721
2025-10-31 16:00,6.000295382801285
2025-10-31 17:00,5.653534749786129
2025-10-31 18:00,6.793566818631865
2025-10-31 19:00,10.793627762096284
2025-10-31 20:00,5.098259594380387
2025-10-31 21:00,5.044302825066016
2025-10-31 22:00,4.176910277047189
2025-10-31 23:00,3.442263192084325
2025-11-01 00:00,3.829872056627411
2025-11-01 01:00,7.044285127431509
2025-11-01 02:00,5.905308485437624
2025-11-01 03:00,6.485584165259412
2025-11-01 04:00,8.533619959535903
2025-11-01 05:00,21.20056904799541
2025-11-01 06:00,28.818832010677305
2025-11-01 07:00,32.8112778830279
2025-11-01 08:00,42.50265811663251
2025-11-01 09:00,46.051267902436706
2025-11-01 10:00,40.27289506504381
2025-11-01 11:00,40.91169584240272
2025-11-01 12:00,43.154108448718475
2025-11-01 13:00,43.397966927445275
2025-11-01 14:00,40.3749337737993
2025-11-01 15:00,40.24071822934237
2025-11-01 16:00,35.35206090784789
2025-11-01 17:00,32.13071076167891
2025-11-01 18:00,29.612283598897505
2025-11-01 19:00,28.64412876415115
2025-11-01 20:00,28.774135927683744
2025-11-01 21:00,25.423588573549367
2025-11-01 22:00,31.640363216406065
2025-11-01 23:00,29.795235403692104
2025-11-02 00:00,36.918251354991156
2025-11-02 01:00,33.77067686646419
2025-11-02 02:00,35.07803084164717
2025-11-02 03:00,34.92328589728785
2025-11-02 04:00,38.21406635810034
2025-11-02 05:00,39.19360196534788
2025-11-02 06:00,47.6669479114452
2025-11-02 07:00,50.46226503400268
2025-11-02 08:00,53.32644008086889
2025-11-02 09:00,57.87372671783942
2025-11-02 10:00,57.412701583773526
2025-11-02 11:00,56.433134760965515
2025-11-02 12:00,56.3672482837083
2025-11-02 13:00,56.9420194409787
2025-11-02 14:00,56.95977555256076
2025-11-02 15:00,57.95402889179649
2025-11-02 16:00,59.3661433947704
2025-11-02 17:00,60.20316903155096
2025-11-02 18:00,58.4997815230002
2025-11-02 19:00,58.68671252373567
2025-11-02 20:00,56.95875139202239
2025-11-02 21:00,60.484915520880335
2025-11-02 22:00,55.2995446094386
2025-11-02 23:00,55.26347545743954
2025-11-03 00:00,52.763884729974464
2025-11-03 01:00,49.167711508797325
2025-11-03 02:00,43.630715819700136
2025-11-03 03:00,38.59025712910578
2025-11-03 04:00,30.865258869704526
2025-11-03 05:00,23.402443434190694
2025-11-03 06:00,11.143931227654683
2025-11-03 07:00,5.9201965115826685
2025-11-03 08:00,2.307193615758768
2025-11-03 09:00,1.6906193782693548
2025-11-03 10:00,2.250441328648566
2025-11-03 11:00,2.4242735033700904
2025-11-03 12:00,1.8111207492032166
2025-11-03 13:00,1.1107568788572084
2025-11-03 14:00,1.4103702188302
2025-11-03 15:00,1.735801413723701
2025-11-03 16:00,1.2944382875338565
2025-11-03 17:00,1.2291975753062978
2025-11-03 18:00,2.056565224995662
2025-11-03 19:00,2.957254506349018
2025-11-03 20:00,1.030846643089849
2025-11-03 21:00,0.8319563788389284
2025-11-03 22:00,0.8767147799524848
2025-11-03 23:00,0.5310634920639166
2025-11-04 00:00,0.6822533504328516
2025-11-04 01:00,0.9702926019498677
2025-11-04 02:00,1.0807296738834073
2025-11-04 03:00,1.3529830446703852
2025-11-04 04:00,1.867485531522798
2025-11-04 05:00,2.1143329635771524
2025-11-04 06:00,1.2792881120175936
2025-11-04 07:00,1.7891242135554277
2025-11-04 08:00,1.2638704596241386
2025-11-04 09:00,1.1261707869973194
2025-11-04 10:00,0.48039774981303707
2025-11-04 11:00,0.2519818055288541
2025-11-04 12:00,0.9721293469185861
2025-11-04 13:00,1.3474622144991848
2025-11-04 14:00,2.680593451199922
2025-11-04 15:00,4.615977153945375
2025-11-04 16:00,4.329501785185782
2025-11-04 17:00,5.306305119859124
2025-11-04 18:00,10.351511889672993
2025-11-04 19:00,9.179187793521804
2025-11-04 20:00,10.635631873538822
2025-11-04 21:00,10.500001803871381
2025-11-04 22:00,5.472329602007891
2025-11-04 23:00,7.73074850878742
2025-11-05 00:00,11.531022678481602
2025-11-05 01:00,10.153794967012562
2025-11-05 02:00,9.09599102294695
2025-11-05 03:00,9.41632434919978
2025-11-05 04:00,9.869204156308424
2025-11-05 05:00,8.640375751939708
2025-11-05 06:00,6.437976375416609
2025-11-05 07:00,6.65835600324786
2025-11-05 08:00,5.432824959620776
2025-11-05 09:00,4.412673116085886
2025-11-05 10:00,3.3446853661700624
2025-11-05 11:00,2.0730103595372036
2025-11-05 12:00,1.9201419912939537
2025-11-05 13:00,3.907092122846418
2025-11-05 14:00,5.556132965928694
2025-11-05 15:00,7.344042458335487
2025-11-05 16:00,10.212465576186244
2025-11-05 17:00,10.272795869870318
2025-11-05 18:00,13.509744881090581
2025-11-05 19:00,16.951127143584834
2025-11-05 20:00,13.059857791826516
2025-11-05 21:00,5.544043078391461
2025-11-05 22:00,3.1096623557169094
2025-11-05 23:00,6.970181682278034
2025-11-06 00:00,3.714666663383289
2025-11-06 01:00,5.200979191073729
2025-11-06 02:00,6.35331639395277
2025-11-06 03:00,7.268186747032111
2025-11-06 04:00,8.8575751641823
2025-11-06 05:00,10.089663707318447
2025-11-06 06:00,10.754515193859767
2025-11-06 07:00,9.892819323492624
2025-11-06 08:00,7.609924826611175
2025-11-06 09:00,7.994320374666932
2025-11-06 10:00,10.346885213363397
2025-11-06 11:00,8.766643086509996
2025-11-06 12:00,6.8605457230858775
2025-11-06 13:00,7.298586197054905
2025-11-06 14:00,9.750977342515649
2025-11-06 15:00,15.477169185871901
2025-11-06 16:00,13.02448240251142
2025-11-06 17:00,9.239641240850055
2025-11-06 18:00,14.460071831816357
2025-11-06 19:00,13.789204499973064
2025-11-06 20:00,9.64888538230602
2025-11-06 21:00,10.176733333925021
2025-11-06 22:00,3.6726482167569903
2025-11-06 23:00,2.3850527706069196
2025-11-07 00:00,1.8051800067618504
2025-11-07 01:00,2.069290294637842
2025-11-07 02:00,2.2800179113190033
2025-11-07 03:00,1.8140236277013666
2025-11-07 04:00,2.725302253835248
2025-11-07 05:00,2.4760054959748437
2025-11-07 06:00,1.0426969561336665
2025-11-07 07:00,1.8628356951525569
2025-11-07 08:00,0.9723066557556839
2025-11-07 09:00,0.38142451603720556
2025-11-07 10:00,0.32690400452321233
2025-11-07 11:00,0.0830221273785303
2025-11-07 12:00,0.08883003731185965
2025-11-07 13:00,0.011266957161444501
2025-11-07 14:00,1.6009725623298061
2025-11-07 15:00,2.5191964676951915
2025-11-07 16:00,2.4348121841639885
2025-11-07 17:00,2.815257974415909
2025-11-07 18:00,1.8618268846248933
2025-11-07 19:00,1.6374302655810467
2025-11-07 20:00,1.925139760106398
2025-11-07 21:00,2.61671996886294
2025-11-07 22:00,3.517472484640288
2025-11-07 23:00,3.4850979899653716
2025-11-08 00:00,7.988837329061672
2025-11-08 01:00,9.176014514223823
2025-11-08 02:00,10.137115690569082
2025-11-08 03:00,7.20586314630235
2025-11-08 04:00,6.4408964249173986
2025-11-08 05:00,6.782004489613106
2025-11-08 06:00,5.733484005868709
2025-11-08 07:00,5.266957762139322
2025-11-08 08:00,6.69176826232219
2025-11-08 09:00,6.475530625550247
2025-11-08 10:00,4.262390465297618
2025-11-08 11:00,3.8026997220654355
2025-11-08 12:00,3.4643200895274715
2025-11-08 13:00,3.9591134682267293
2025-11-08 14:00,2.970210092840678
2025-11-08 15:00,3.1456110424959967
2025-11-08 16:00,4.244542450266964
2025-11-08 17:00,4.723665574836105
2025-11-08 18:00,9.289945282549796
2025-11-08 19:00,11.556227324839575
2025-11-08 20:00,17.045088260069928
2025-11-08 21:00,10.874105136125294
2025-11-08 22:00,12.743151746768678
2025-11-08 23:00,12.617325435581185
2025-11-09 00:00,9.26451504000398
2025-11-09 01:00,5.888228460364094
2025-11-09 02:00,7.348143627863244
2025-11-09 03:00,9.774254176397607
2025-11-09 04:00,3.838457366490949
2025-11-09 05:00,7.6361170371333875
2025-11-09 06:00,11.714722406670358
2025-11-09 07:00,14.014077112207602
2025-11-09 08:00,12.03510032017127
2025-11-09 09:00,13.504559852656117
2025-11-09 10:00,17.191170537755006
2025-11-09 11:00,22.628471067175276
2025-11-09 12:00,25.885225591833155
2025-11-09 13:00,23.25614359881061
2025-11-09 14:00,23.268205395058423
2025-11-09 15:00,25.218952352465422
2025-11-09 16:00,25.456489916071128
2025-11-09 17:00,30.01559074982812
2025-11-09 18:00,33.47413687102509
2025-11-09 19:00,41.80119956406105
2025-11-09 20:00,50.023340286127464
2025-11-09 21:00,54.660866899725484
2025-11-09 22:00,54.287710540548325
2025-11-09 23:00,55.36773043588845
2025-11-10 00:00,60.78818406811726
2025-11-10 01:00,58.57803446526013
2025-11-10 02:00,53.51239780576404
2025-11-10 03:00,52.09154447602978
2025-11-10 04:00,52.16048178036369
2025-11-10 05:00,46.70024304704803
2025-11-10 06:00,43.011018850789654
2025-11-10 07:00,45.18251499044738
2025-11-10 08:00,49.784347264225104
2025-11-10 09:00,49.563648493174874
2025-11-10 10:00,43.87925113688952
2025-11-10 11:00,46.42710465618818
2025-11-10 12:00,47.95824827327476
2025-11-10 13:00,46.57118171393532
2025-11-10 14:00,44.32965957958344
2025-11-10 15:00,43.300712551482995
2025-11-10 16:00,36.189214639172754
2025-11-10 17:00,30.620125642128457
2025-11-10 18:00,26.359299407093708
2025-11-10 19:00,24.33047673321484
2025-11-10 20:00,25.47292116718777
2025-11-10 21:00,19.372202702773233
2025-11-10 22:00,15.491647085474925
2025-11-10 23:00,14.683320076058623
2025-11-11 00:00,10.907393308292862
2025-11-11 01:00,10.834681814699811
2025-11-11 02:00,14.495233660637872
2025-11-11 03:00,14.185817862768655
2025-11-11 04:00,13.870130898978303
2025-11-11 05:00,14.564698161893897
2025-11-11 06:00,15.212025752465319
2025-11-11 07:00,10.041681437710515
2025-11-11 08:00,8.514074604692844
2025-11-11 09:00,8.528908224537375
2025-11-11 10:00,7.132073928419365
2025-11-11 11:00,7.401372196959089
2025-11-11 12:00,10.121356188465288
2025-11-11 13:00,13.770700650712591
2025-11-11 14:00,13.339956871479405
2025-11-11 15:00,16.48023580711529
2025-11-11 16:00,16.457183828826885
2025-11-11 17:00,12.489503304600657
2025-11-11 18:00,12.602571876739372
2025-11-11 19:00,18.200448107285514
2025-11-11 20:00,15.517538595514953
2025-11-11 21:00,14.152913510772503
2025-11-11 22:00,9.177817251018972
2025-11-11 23:00,9.927448528599015
2025-11-12 00:00,6.8679365896974165
2025-11-12 01:00,5.239275850681549
2025-11-12 02:00,6.3186694527468745
2025-11-12 03:00,8.610053951228307
2025-11-12 04:00,6.073514373526063
2025-11-12 05:00,4.723648654556958
2025-11-12 06:00,4.841117524862572
2025-11-12 07:00,5.001223298444938
2025-11-12 08:00,2.746204455353293
2025-11-12 09:00,2.242054696545696
2025-11-12 10:00,1.078532602890709
2025-11-12 11:00,0.9422600423122547
2025-11-12 12:00,0.9999586143643153
2025-11-12 13:00,1.850627341332728
2025-11-12 14:00,2.027653050098729
2025-11-12 15:00,4.1232709943133505
2025-11-12 16:00,4.589221948350891
2025-11-12 17:00,4.238343921448623
2025-11-12 18:00,5.396866863568871
2025-11-12 19:00,4.612403590173869
2025-11-12 20:00,4.084830588433513
2025-11-12 21:00,5.536690682374145
2025-11-12 22:00,5.883919564594885
2025-11-12 23:00,6.905033618747977
2025-11-13 00:00,7.890116465032635
2025-11-13 01:00,9.153891835917033
2025-11-13 02:00,9.093531809358483
2025-11-13 03:00,9.61256111809049
2025-11-13 04:00,7.75828031106128
2025-11-13 05:00,6.730673357318254
2025-11-13 06:00,6.045651762952921
2025-11-13 07:00,6.395694355386384
2025-11-13 08:00,5.618801769422573
2025-11-13 09:00,2.8585971817360845
2025-11-13 10:00,4.501709591501832
2025-11-13 11:00,3.977634547283892
2025-11-13 12:00,4.97889810625257
2025-11-13 13:00,4.8606092433625
2025-11-13 14:00,6.679984271012421
2025-11-13 15:00,11.493571836645293
2025-11-13 16:00,17.514469043348974
2025-11-13 17:00,18.7082967870515
2025-11-13 18:00,19.709470972594772
2025-11-13 19:00,25.925486761198577
2025-11-13 20:00,23.542758095542048
2025-11-13 21:00,23.573436360543276
2025-11-13 22:00,19.894266551612983
2025-11-13 23:00,19.195780901168
2025-11-14 00:00,17.459467217008765
2025-11-14 01:00,16.265840195332515
2025-11-14 02:00,15.853136476608118
2025-11-14 03:00,15.041654279560245
2025-11-14 04:00,15.468278384034651
2025-11-14 05:00,9.943922599986076
2025-11-14 06:00,9.600301391856226
2025-11-14 07:00,8.874783371695518
2025-11-14 08:00,12.643928850784949
2025-11-14 09:00,8.56508089685159
2025-11-14 10:00,9.590401381919602
2025-11-14 11:00,16.705090439684817
2025-11-14 12:00,18.46521927563529
2025-11-14 13:00,23.188502369426224
2025-11-14 14:00,24.183829391494363
2025-11-14 15:00,25.880827187517294
2025-11-14 16:00,23.993688175974853
2025-11-14 17:00,19.736636799242632
2025-11-14 18:00,17.69395547443129
2025-11-14 19:00,20.734059196732623
2025-11-14 20:00,17.3382446991278
2025-11-14 21:00,17.362294515951845
2025-11-14 22:00,17.24291246191108
2025-11-14 23:00,8.965634017935686
2025-11-15 00:00,8.079955588136423
2025-11-15 01:00,8.186387604378528
2025-11-15 02:00,9.179796956908891
2025-11-15 03:00,9.997609798020724
2025-11-15 04:00,10.297350942393194
2025-11-15 05:00,10.3463077502734
2025-11-15 06:00,7.647365342462715
2025-11-15 07:00,6.707535938470423
2025-11-15 08:00,5.970833766280674
2025-11-15 09:00,3.301061702316242
2025-11-15 10:00,1.6460486830161267
2025-11-15 11:00,1.8697420070316841
2025-11-15 12:00,2.3694243686447134
2025-11-15 13:00,1.8078644270383486
2025-11-15 14:00,1.398431481483897
2025-11-15 15:00,1.712441902454155
2025-11-15 16:00,3.802238095913286
2025-11-15 17:00,4.880637851284654
2025-11-15 18:00,3.5452354554114196
2025-11-15 19:00,2.821843975340389
2025-11-15 20:00,2.2348242646451215
2025-11-15 21:00,2.2555225236405705
2025-11-15 22:00,0.79837104752149
2025-11-15 23:00,0.7867517561801685
2025-11-16 00:00,1.793499028004471
2025-11-16 01:00,1.8265900859154118
2025-11-16 02:00,3.342938672015887
2025-11-16 03:00,4.6392450317927
2025-11-16 04:00,5.178461561749595
2025-11-16 05:00,3.6558691145875235
2025-11-16 06:00,3.038230428593704
2025-11-16 07:00,2.0736230476541238
2025-11-16 08:00,1.49664111547648
2025-11-16 09:00,1.5292539694640341
2025-11-16 10:00,1.223460669394043
2025-11-16 11:00,3.5778654148984383
2025-11-16 12:00,3.6521843918623977
2025-11-16 13:00,7.8320727433319846
2025-11-16 14:00,4.982578865596506
2025-11-16 15:00,4.532163503231429
2025-11-16 16:00,7.592623056457098
2025-11-16 17:00,8.210468351770121
2025-11-16 18:00,14.494934245769807
2025-11-16 19:00,15.290748027476745
2025-11-16 20:00,18.28433814331848
2025-11-16 21:00,17.041291889098815
2025-11-16 22:00,26.713493217196913
2025-11-16 23:00,31.81026845753859
2025-11-17 00:00,40.972065871560076
2025-11-17 01:00,40.598790736529885
2025-11-17 02:00,50.653150616302234
2025-11-17 03:00,51.668194694249394
2025-11-17 04:00,51.64592731971192
2025-11-17 05:00,54.98923244901658
2025-11-17 06:00,56.32562065420009
2025-11-17 07:00,52.790475362806205
2025-11-17 08:00,53.373780834056475
2025-11-17 09:00,55.04448291370599
2025-11-17 10:00,49.390636587940975
2025-11-17 11:00,52.39640596402871
2025-11-17 12:00,55.22564128458124
2025-11-17 13:00,55.72942666770085
2025-11-17 14:00,57.62121041417015
2025-11-17 15:00,57.419122902750104
2025-11-17 16:00,56.912788876634494
2025-11-17 17:00,57.94984132537195
2025-11-17 18:00,59.34122714481389
2025-11-17 19:00,58.76393476600946
2025-11-17 20:00,56.15308642357638
2025-11-17 21:00,58.08300605284278
2025-11-17 22:00,59.495163096004845
2025-11-17 23:00,56.13628861360403
2025-11-18 00:00,54.74195519245953
2025-11-18 01:00,54.916460040973185
2025-11-18 02:00,53.87087955727567
2025-11-18 03:00,54.711826287949705
2025-11-18 04:00,52.00423648203474
2025-11-18 05:00,47.24632482049172
2025-11-18 06:00,44.737775499274605
2025-11-18 07:00,40.18790652309948
2025-11-18 08:00,40.3724095566278
2025-11-18 09:00,37.22887781310801
2025-11-18 10:00,43.65509635110698
2025-11-18 11:00,34.652388908994695
2025-11-18 12:00,37.25426757433673
2025-11-18 13:00,33.8187841088435
2025-11-18 14:00,33.83015016220173
2025-11-18 15:00,41.5459284252924
2025-11-18 16:00,32.89039094797026
2025-11-18 17:00,37.088970765185735
2025-11-18 18:00,34.749461516318036
2025-11-18 19:00,33.96772348268884
2025-11-18 20:00,25.63274918064671
2025-11-18 21:00,26.40571980780846
2025-11-18 22:00,21.59169994824712
2025-11-18 23:00,16.85874763927649
2025-11-19 00:00,5.821866701166857
2025-11-19 01:00,3.8672030611015944
2025-11-19 02:00,10.542038237351758
2025-11-19 03:00,7.165960411036404
2025-11-19 04:00,6.74871679377388
2025-11-19 05:00,5.031706041609248
2025-11-19 06:00,3.6270838821325446
2025-11-19 07:00,1.6300168173839527
2025-11-19 08:00,2.8076676189318923
2025-11-19 09:00,0.9620595402501106
2025-11-19 10:00,1.7690898793767005
2025-11-19 11:00,3.605983250754514
2025-11-19 12:00,4.946169227427613
2025-11-19 13:00,5.931115838185468
2025-11-19 14:00,7.165814841996106
2025-11-19 15:00,7.544875553015306
2025-11-19 16:00,7.636565000362494
2025-11-19 17:00,5.476602856884615
2025-11-19 18:00,3.110249872988044
2025-11-19 19:00,1.5579234734854428
2025-11-19 20:00,0.5711210417360452
2025-11-19 21:00,0.8216594730184672
2025-11-19 22:00,0.4008361664247812
2025-11-19 23:00,0.020053045137062433
2025-11-20 00:00,0.15838664172174607
2025-11-20 01:00,0.1848292248949816
2025-11-20 02:00,0.5431813821452073
2025-11-20 03:00,1.7317017443106744
2025-11-20 04:00,2.320099760423202
2025-11-20 05:00,5.800384158032136
2025-11-20 06:00,7.4885708203152195
2025-11-20 07:00,5.301163739167899
2025-11-20 08:00,8.04032679454341
2025-11-20 09:00,10.616066132532698
2025-11-20 10:00,15.755332221122863
2025-11-20 11:00,15.997939588577632
2025-11-20 12:00,17.01628319785638
2025-11-20 13:00,18.468984490751453
2025-11-20 14:00,16.01028087416807
2025-11-20 15:00,17.829204752762013
2025-11-20 16:00,16.130786414982175
2025-11-20 17:00,14.43590938648654
2025-11-20 18:00,20.614740660275135
2025-11-20 19:00,22.654804503730627
2025-11-20 20:00,32.79414346997025
2025-11-20 21:00,29.799322422931464
2025-11-20 22:00,28.324404653597206
2025-11-20 23:00,29.848485027802514
2025-11-21 00:00,28.13185064004353
2025-11-21 01:00,22.2724677591154
2025-11-21 02:00,19.885849866215075
2025-11-21 03:00,12.70922393500706
2025-11-21 04:00,5.838363097978419
2025-11-21 05:00,2.397498349839464
2025-11-21 06:00,3.4175521248499923
2025-11-21 07:00,0.7680435565949554
2025-11-21 08:00,1.1019280250956496
2025-11-21 09:00,1.137862337260215
2025-11-21 10:00,2.0950030384795073
2025-11-21 11:00,2.335988729654985
2025-11-21 12:00,6.0191855758955555
2025-11-21 13:00,6.109399566191485
2025-11-21 14:00,5.4102882990430645
2025-11-21 15:00,6.574605888390206
2025-11-21 16:00,7.126804985503391
2025-11-21 17:00,8.725511059155316
2025-11-21 18:00,6.944443792463945
2025-11-21 19:00,6.443878562954947
2025-11-21 20:00,1.5668143544731388
2025-11-21 21:00,5.20096195294775
2025-11-21 22:00,5.4546895553589625
2025-11-21 23:00,7.547680764040676
2025-11-22 00:00,3.789124550952087
2025-11-22 01:00,6.253669786646706
2025-11-22 02:00,5.065876493293074
2025-11-22 03:00,5.061335138410563
2025-11-22 04:00,3.32383977819626
2025-11-22 05:00,4.370486605991529
2025-11-22 06:00,4.245289126863465
2025-11-22 07:00,4.206199967713267
2025-11-22 08:00,2.0652652395792965
2025-11-22 09:00,1.2528370583268378
2025-11-22 10:00,0.954530459520354
2025-11-22 11:00,2.62951307895523
2025-11-22 12:00,5.460632725967393
2025-11-22 13:00,5.5691099840253155
2025-11-22 14:00,5.191842069741449
2025-11-22 15:00,5.120123879683248
2025-11-22 16:00,5.735596005077002
2025-11-22 17:00,5.878719430206378
2025-11-22 18:00,6.222543498137524
2025-11-22 19:00,4.860840976129474
2025-11-22 20:00,9.514912514276382
2025-11-22 21:00,7.992881149707797
2025-11-22 22:00,7.247609078173939
2025-11-22 23:00,6.062996182211794
2025-11-23 00:00,6.507977597870896
2025-11-23 01:00,6.219002222172845
2025-11-23 02:00,8.1781246432048
2025-11-23 03:00,8.765076922850197
2025-11-23 04:00,12.882555344487866
2025-11-23 05:00,12.966526722464664
2025-11-23 06:00,14.090276119195334
2025-11-23 07:00,16.617140088205225
2025-11-23 08:00,18.482004412109426
2025-11-23 09:00,16.357265701385607
2025-11-23 10:00,17.814686181128994
2025-11-23 11:00,18.215976538561016
2025-11-23 12:00,14.689105856913255
2025-11-23 13:00,13.793544337775655
2025-11-23 14:00,13.388381117497943
2025-11-23 15:00,16.379790623479714
2025-11-23 16:00,17.93538459117873
2025-11-23 17:00,22.393254735257994
2025-11-23 18:00,22.7825083898438
2025-11-23 19:00,22.790700531437828
2025-11-23 20:00,22.896728677822612
2025-11-23 21:00,20.748398729452383
2025-11-23 22:00,20.809558105978255
2025-11-23 23:00,19.894182942174908
2025-11-24 00:00,19.202587504155403
2025-11-24 01:00,18.949389574556214
2025-11-24 02:00,18.87840692387582
2025-11-24 03:00,18.090739113790836
2025-11-24 04:00,19.50790688431909
2025-11-24 05:00,19.81708780250884
2025-11-24 06:00,24.551579019666338
2025-11-24 07:00,23.962563068964577
2025-11-24 08:00,27.727262343866265
2025-11-24 09:00,30.392859352240986
2025-11-24 10:00,26.959757253576136
2025-11-24 11:00,23.70130578553078
2025-11-24 12:00,20.431383084531195
2025-11-24 13:00,21.33852455424368
2025-11-24 14:00,19.458507368076248
2025-11-24 15:00,14.737544074081303
2025-11-24 16:00,10.35263964705955
2025-11-24 17:00,14.479313159095078
2025-11-24 18:00,16.78373282353623
2025-11-24 19:00,13.357348057794969
2025-11-24 20:00,13.729370980797752
2025-11-24 21:00,13.948436893528138
2025-11-24 22:00,15.130799974343354
2025-11-24 23:00,14.654861068965829
2025-11-25 00:00,13.171478114569618
2025-11-25 01:00,14.675614393329777
2025-11-25 02:00,16.000444544681564
2025-11-25 03:00,20.56566919407078
2025-11-25 04:00,21.465796488468463
2025-11-25 05:00,35.111896393278
2025-11-25 06:00,40.4252690520746
2025-11-25 07:00,44.93141059821167
2025-11-25 08:00,52.74003376233796
2025-11-25 09:00,52.696564139827245
2025-11-25 10:00,57.29233366352099
2025-11-25 11:00,55.14795034871849
2025-11-25 12:00,58.49388500640811
2025-11-25 13:00,57.11445965692036
2025-11-25 14:00,58.93783322074846
2025-11-25 15:00,56.04431548802081
2025-11-25 16:00,57.668921600492475
2025-11-25 17:00,57.080869155255485
2025-11-25 18:00,58.66549060049158
2025-11-25 19:00,58.06899427145808
2025-11-25 20:00,56.119872308910345
2025-11-25 21:00,47.821116660398246
2025-11-25 22:00,45.14696655727114
2025-11-25 23:00,39.34594522788855
2025-11-26 00:00,33.044090929464346
2025-11-26 01:00,24.382174141578382
2025-11-26 02:00,18.035251481813972
2025-11-26 03:00,11.92744415813211
2025-11-26 04:00,5.845478264701779
2025-11-26 05:00,6.42065226901817
2025-11-26 06:00,7.122761329246946
2025-11-26 07:00,4.07042422569045
2025-11-26 08:00,2.112712649645908
2025-11-26 09:00,3.301886832396244
2025-11-26 10:00,2.5230180881908355
2025-11-26 11:00,1.9214932624136232
2025-11-26 12:00,2.182716019764886
2025-11-26 13:00,2.189105194779171
2025-11-26 14:00,3.35812036134861
2025-11-26 15:00,4.051974300073976
2025-11-26 16:00,5.389336012864596
2025-11-26 17:00,3.87928249599525
2025-11-26 18:00,2.8184256994049575
2025-11-26 19:00,2.1361585328378707
2025-11-26 20:00,0.5194375198742696
2025-11-26 21:00,2.6561514942730393
2025-11-26 22:00,3.403863142986321
2025-11-26 23:00,8.056166309124785
2025-11-27 00:00,15.020651954929296
2025-11-27 01:00,23.886432179151626
2025-11-27 02:00,30.200081041730897
2025-11-27 03:00,38.437037267250915
2025-11-27 04:00,42.058539845807886
2025-11-27 05:00,49.56068929019515
2025-11-27 06:00,48.767536296932114
2025-11-27 07:00,43.39877127998166
2025-11-27 08:00,48.36511969696569
2025-11-27 09:00,55.72256041485018
2025-11-27 10:00,55.675697881756705
2025-11-27 11:00,56.17746980788269
2025-11-27 12:00,56.86302825691078
2025-11-27 13:00,53.74810651883578
2025-11-27 14:00,47.90003568497871
2025-11-27 15:00,54.60892630944344
2025-11-27 16:00,56.017438378427684
2025-11-27 17:00,56.32137205615649
2025-11-27 18:00,58.95313547972865
2025-11-27 19:00,59.031223938835794
2025-11-27 20:00,59.3581997315651
2025-11-27 21:00,57.747266721417375
2025-11-27 22:00,58.399632614759135
2025-11-27 23:00,57.678511450843914
2025-11-28 00:00,55.09001393365948
2025-11-28 01:00,51.308561137333015
2025-11-28 02:00,51.901679804406776
2025-11-28 03:00,49.93663797079531
2025-11-28 04:00,45.856354391008466
2025-11-28 05:00,41.194289222876606
2025-11-28 06:00,38.135056543272526
2025-11-28 07:00,31.567753840123572
2025-11-28 08:00,23.162405281896035
2025-11-28 09:00,19.06858935370628
2025-11-28 10:00,14.82520264329871
2025-11-28 11:00,14.537916689210451
2025-11-28 12:00,14.80627458592209
2025-11-28 13:00,14.689873327211991
2025-11-28 14:00,12.742425320603358
2025-11-28 15:00,12.540047667089734
2025-11-28 16:00,12.137449482756615
2025-11-28 17:00,12.525056910682004
2025-11-28 18:00,5.3662125668577705
2025-11-28 19:00,5.204183604295336
2025-11-28 20:00,5.18514577957985
2025-11-28 21:00,6.426335016780651
2025-11-28 22:00,5.338553361126696
2025-11-28 23:00,3.420029431694128
2025-11-29 00:00,3.602808924962253
2025-11-29 01:00,3.4564450565309386
2025-11-29 02:00,4.433676547942021
2025-11-29 03:00,4.282247524500551
2025-11-29 04:00,4.2763226060194794
2025-11-29 05:00,4.356414515132048
2025-11-29 06:00,5.881290294492804
2025-11-29 07:00,7.533521476003364
2025-11-29 08:00,10.443295849345368
2025-11-29 09:00,11.349114381917554
2025-11-29 10:00,15.9508453455806
2025-11-29 11:00,21.251008041629397
2025-11-29 12:00,28.109520788728588
2025-11-29 13:00,30.979555418518977
2025-11-29 14:00,33.45204805583677
2025-11-29 15:00,34.84484368280686
2025-11-29 16:00,35.30622916879686
2025-11-29 17:00,36.875079511726796
2025-11-29 18:00,33.4168225784867
2025-11-29 19:00,32.72576927072199
2025-11-29 20:00,35.07482648104455
2025-11-29 21:00,36.99177050096504
2025-11-29 22:00,37.98280343497704
2025-11-29 23:00,39.45641676780777
2025-11-30 00:00,41.36643377409615
2025-11-30 01:00,38.47793186639638
2025-11-30 02:00,34.88138250678183
2025-11-30 03:00,32.17667733457762
2025-11-30 04:00,32.676330021881135
2025-11-30 05:00,29.51495872620092
2025-11-30 06:00,24.0940359408011
2025-11-30 07:00,28.546023304747408
2025-11-30 08:00,28.234023260717844
2025-11-30 09:00,27.215312949947723
2025-11-30 10:00,23.455552907261776
2025-11-30 11:00,26.165369323324644
2025-11-30 12:00,26.857943708624244
2025-11-30 13:00,26.578213805726477
2025-11-30 14:00,26.47860364467405
2025-11-30 15:00,27.59707345134335
2025-11-30 16:00,28.085888179647924
2025-11-30 17:00,31.005924059211786
2025-11-30 18:00,33.784355070617096
2025-11-30 19:00,29.066988161369366
2025-11-30 20:00,23.875064487840444
2025-11-30 21:00,26.993390820793174
2025-11-30 22:00,21.20668232133798
2025-11-30 23:00,25.19732333364878
2025-12-01 00:00,27.335663845185678
2025-12-01 01:00,29.663007083202107
2025-12-01 02:00,30.43341147783859
2025-12-01 03:00,29.31063207458726
2025-12-01 04:00,27.333126621576966
2025-12-01 05:00,23.03629846926041
2025-12-01 06:00,28.44578838395094
2025-12-01 07:00,23.793331276899167
2025-12-01 08:00,28.717052854036993
2025-12-01 09:00,26.57898138545727
2025-12-01 10:00,26.183416900363888
2025-12-01 11:00,25.977496703951214
2025-12-01 12:00,28.550474717757048
2025-12-01 13:00,31.121423912658337
2025-12-01 14:00,32.13529792101065
2025-12-01 15:00,35.38749417424411
2025-12-01 16:00,32.93340701280512
2025-12-01 17:00,29.098943878399233
2025-12-01 18:00,32.56317303000434
2025-12-01 19:00,28.0613202679714
2025-12-01 20:00,29.793746589799994
2025-12-01 21:00,30.910112479439
2025-12-01 22:00,28.892602529229052
2025-12-01 23:00,26.6038424457713
2025-12-02 00:00,30.432329120009342
2025-12-02 01:00,32.17748418864032
2025-12-02 02:00,32.59856364277539
2025-12-02 03:00,32.72653933188241
2025-12-02 04:00,33.63588659163574
2025-12-02 05:00,35.022799740574776
2025-12-02 06:00,37.41290152782444
2025-12-02 07:00,40.02874349555813
2025-12-02 08:00,43.67702744943966
2025-12-02 09:00,45.05292753691592
2025-12-02 10:00,42.99667421581055
2025-12-02 11:00,44.39864944676468
2025-12-02 12:00,48.745660118558746
2025-12-02 13:00,46.9188893063081
2025-12-02 14:00,45.22070699511562
2025-12-02 15:00,44.96457287673323
2025-12-02 16:00,46.06463099824681
2025-12-02 17:00,46.009289970154434
2025-12-02 18:00,45.81871188467184
2025-12-02 19:00,44.6460321496743
2025-12-02 20:00,42.459224269262386
2025-12-02 21:00,42.904505988729795
2025-12-02 22:00,42.06740203360505
2025-12-02 23:00,43.68749175157474
2025-12-03 00:00,51.64878548839615
2025-12-03 01:00,56.67883186921409
2025-12-03 02:00,60.262924493074934
2025-12-03 03:00,59.68972650276987
2025-12-03 04:00,57.22631306578026
2025-12-03 05:00,52.81801288669456
2025-12-03 06:00,47.458814701972955
2025-12-03 07:00,40.42885220447746
2025-12-03 08:00,44.44155603614547
2025-12-03 09:00,40.643436572580434
2025-12-03 10:00,42.26752513121454
2025-12-03 11:00,46.08905622846865
2025-12-03 12:00,42.301265050066455
2025-12-03 13:00,47.35673733776551
2025-12-03 14:00,46.83675327984043
2025-12-03 15:00,57.670886923091246
2025-12-03 16:00,57.26807969922379
2025-12-03 17:00,54.384108013997704
2025-12-03 18:00,57.462357013350505
2025-12-03 19:00,60.104990948509474
2025-12-03 20:00,54.49805306125623
2025-12-03 21:00,55.2227089275205
2025-12-03 22:00,57.12788995820937
2025-12-03 23:00,45.727356483833574
2025-12-04 00:00,41.38962822619653
2025-12-04 01:00,41.12282535408518
2025-12-04 02:00,35.4461197537599
2025-12-04 03:00,23.137244300352506
2025-12-04 04:00,17.473259488938265
2025-12-04 05:00,11.621480837801922
2025-12-04 06:00,8.879365759474236
2025-12-04 07:00,3.664270162639204
2025-12-04 08:00,3.928153403843726
2025-12-04 09:00,4.476532830272216
2025-12-04 10:00,5.31739775857259
2025-12-04 11:00,3.460290797219795
2025-12-04 12:00,4.484791641243018
2025-12-04 13:00,4.131570392186034
2025-12-04 14:00,4.442135911679655
2025-12-04 15:00,9.288975049188803
2025-12-04 16:00,10.08289658221726
2025-12-04 17:00,26.107109888638185
2025-12-04 18:00,35.094032932050276
2025-12-04 19:00,46.968568551678594
2025-12-04 20:00,53.69530735173916
2025-12-04 21:00,59.5616467096412
2025-12-04 22:00,59.38515359357817
2025-12-04 23:00,58.24445878428436
2025-12-05 00:00,58.151018274700874
2025-12-05 01:00,57.95727728253574
2025-12-05 02:00,56.900347844862026
2025-12-05 03:00,57.46706238359259
2025-12-05 04:00,52.477631010704975
2025-12-05 05:00,50.14074052540608
2025-12-05 06:00,38.1980119556744
2025-12-05 07:00,38.864931700577074
2025-12-05 08:00,29.176143561491877
2025-12-05 09:00,23.239956780950493
2025-12-05 10:00,16.859971156631694
2025-12-05 11:00,15.202534372715892
2025-12-05 12:00,16.665363800488088
2025-12-05 13:00,17.981661562667213
2025-12-05 14:00,15.733862906457064
2025-12-05 15:00,19.49476400996327
2025-12-05 16:00,17.9773928780269
2025-12-05 17:00,16.991197175598355
2025-12-05 18:00,15.028844497858847
2025-12-05 19:00,9.72795290291775
2025-12-05 20:00,9.448209958052399
2025-12-05 21:00,5.840661514763818
2025-12-05 22:00,3.955827758144508
2025-12-05 23:00,5.157615207538272
2025-12-06 00:00,5.432766592772114
2025-12-06 01:00,5.898746748723582
2025-12-06 02:00,7.344376019639045
2025-12-06 03:00,4.8427736478865535
2025-12-06 04:00,5.560967563078829
2025-12-06 05:00,6.131696728972662
2025-12-06 06:00,7.752866283788235
2025-12-06 07:00,6.991719154593179
2025-12-06 08:00,7.026659681681544
2025-12-06 09:00,7.762306895322709
2025-12-06 10:00,16.188665384458456
2025-12-06 11:00,19.582485002480993
2025-12-06 12:00,25.54863316785916
2025-12-06 13:00,28.98174917047304
2025-12-06 14:00,27.703187719620296
2025-12-06 15:00,31.511274743427272
2025-12-06 16:00,33.99811419903078
2025-12-06 17:00,35.27276260336097
2025-12-06 18:00,32.93225163384028
2025-12-06 19:00,34.573013896260704
2025-12-06 20:00,36.66784140667454
2025-12-06 21:00,38.34128617748644
2025-12-06 22:00,35.65529498721352
2025-12-06 23:00,36.974639522036476
2025-12-07 00:00,38.499663430211754
2025-12-07 01:00,35.41317843304218
2025-12-07 02:00,33.92622889962392
2025-12-07 03:00,32.24595796070087
2025-12-07 04:00,31.07619057764309
2025-12-07 05:00,31.230116608655912
2025-12-07 06:00,26.644765205199164
2025-12-07 07:00,26.541540620479473
2025-12-07 08:00,28.297496164128315
2025-12-07 09:00,31.022448481145915
2025-12-07 10:00,29.20337564213348
2025-12-07 11:00,31.385622346393333
2025-12-07 12:00,29.155495678715454
2025-12-07 13:00,32.27872350715451
2025-12-07 14:00,28.38050968310513
2025-12-07 15:00,30.799614258888568
2025-12-07 16:00,34.24183897298808
2025-12-07 17:00,34.489533012045385
2025-12-07 18:00,39.20211316962822
2025-12-07 19:00,43.11313320545753
2025-12-07 20:00,43.6044225658178
2025-12-07 21:00,49.21102381973643
2025-12-07 22:00,47.041213794750085
2025-12-07 23:00,52.37906144101052
2025-12-08 00:00,52.212345048645304
2025-12-08 01:00,54.236948522388715
2025-12-08 02:00,54.33200431484255
2025-12-08 03:00,49.278984739206805
2025-12-08 04:00,52.85247912847467
2025-12-08 05:00,47.52503930336881
2025-12-08 06:00,45.22085852536927
2025-12-08 07:00,47.24553837919197
2025-12-08 08:00,49.87849520917011
2025-12-08 09:00,42.613479377005206
2025-12-08 10:00,40.22723970844483
2025-12-08 11:00,38.35613084802095
2025-12-08 12:00,41.51813677817552
2025-12-08 13:00,42.26361306482997
2025-12-08 14:00,39.532239824195564
2025-12-08 15:00,40.246362460423995
2025-12-08 16:00,34.085933935091276
2025-12-08 17:00,29.876297194943632
2025-12-08 18:00,28.0313836340029
2025-12-08 19:00,25.00869160288682
2025-12-08 20:00,23.267923541847708
2025-12-08 21:00,17.027942836673194
2025-12-08 22:00,14.161600423552446
2025-12-08 23:00,10.969823376974851
2025-12-09 00:00,13.061341240165776
2025-12-09 01:00,11.269421066784151
2025-12-09 02:00,10.230322783380085
2025-12-09 03:00,9.729717665977265
2025-12-09 04:00,8.649420311710987
2025-12-09 05:00,7.113225836829653
2025-12-09 06:00,6.447987758681645
2025-12-09 07:00,6.158702695892914
2025-12-09 08:00,4.519200787411586
2025-12-09 09:00,2.506262594309846
2025-12-09 10:00,2.91500693199992
2025-12-09 11:00,2.5438893027791876
2025-12-09 12:00,3.5713576410932175
2025-12-09 13:00,3.515262148712063
2025-12-09 14:00,4.445413053474164
2025-12-09 15:00,4.93788948429709
2025-12-09 16:00,4.537074965379984
2025-12-09 17:00,3.3032848273526207
2025-12-09 18:00,2.0343839167323097
2025-12-09 19:00,0.6674237261753588
2025-12-09 20:00,1.7959425388558783
2025-12-09 21:00,2.8796023589478255
2025-12-09 22:00,5.471334504921846
2025-12-09 23:00,6.829696101227915
2025-12-10 00:00,8.79404957000091
2025-12-10 01:00,8.333223617971692
2025-12-10 02:00,7.606945283069479
2025-12-10 03:00,8.352213485309495
2025-12-10 04:00,6.339355283873375
2025-12-10 05:00,5.847981319934915
2025-12-10 06:00,6.095236538084716
2025-12-10 07:00,5.248358893135983
2025-12-10 08:00,5.168836860524323
2025-12-10 09:00,1.2964545009703916
2025-12-10 10:00,1.0918677459081416
2025-12-10 11:00,0.8626730938892755
2025-12-10 12:00,1.6249098217703741
2025-12-10 13:00,1.983772499233325
2025-12-10 14:00,2.158637810032376
2025-12-10 15:00,2.575172286307802
2025-12-10 16:00,2.100373869294941
2025-12-10 17:00,3.2184703386766462
2025-12-10 18:00,3.8353953755538748
2025-12-10 19:00,2.8926888581377836
2025-12-10 20:00,3.6988288247879555
2025-12-10 21:00,7.327098954971945
2025-12-10 22:00,5.930337423212837
2025-12-10 23:00,6.469731960686037
2025-12-11 00:00,13.254013532518158
2025-12-11 01:00,14.402750489025053
2025-12-11 02:00,23.857638202558547
2025-12-11 03:00,28.684728851173823
2025-12-11 04:00,34.473187247024754
2025-12-11 05:00,28.885041250862418
2025-12-11 06:00,32.67505739838718
2025-12-11 07:00,36.541101534076354
2025-12-11 08:00,36.49235330897897
2025-12-11 09:00,41.55624875942403
2025-12-11 10:00,39.85261226811929
2025-12-11 11:00,52.69134676376376
2025-12-11 12:00,56.76550224093055
2025-12-11 13:00,57.757464383431554
2025-12-11 14:00,58.473712521748425
2025-12-11 15:00,56.668157825962766
2025-12-11 16:00,57.588830661582506
2025-12-11 17:00,57.610462975490975
2025-12-11 18:00,58.35830169600494
2025-12-11 19:00,56.35001160127045
2025-12-11 20:00,54.59974389546617
2025-12-11 21:00,53.189466636898935
2025-12-11 22:00,54.91641360877272
2025-12-11 23:00,53.953207367000914
2025-12-12 00:00,47.45470966499954
2025-12-12 01:00,38.639799617462046
2025-12-12 02:00,34.33472325573331
2025-12-12 03:00,30.20743307792427
2025-12-12 04:00,23.492527457394594
2025-12-12 05:00,14.012280526041616
2025-12-12 06:00,13.351967675984739
2025-12-12 07:00,10.906573318832194
2025-12-12 08:00,8.460155866643994
2025-12-12 09:00,6.638700333096103
2025-12-12 10:00,4.978789319439436
2025-12-12 11:00,4.145810492261681
2025-12-12 12:00,3.2017712186624046
2025-12-12 13:00,1.7132409266573243
2025-12-12 14:00,1.9112095449213853
2025-12-12 15:00,2.939181916002596
2025-12-12 16:00,2.5021510554834725
2025-12-12 17:00,3.3225064481060818
2025-12-12 18:00,2.7883708792398814
2025-12-12 19:00,4.995158204625178
2025-12-12 20:00,4.782798670043863
2025-12-12 21:00,6.846666044758839
2025-12-12 22:00,7.003742603016128
2025-12-12 23:00,9.575068194010214
2025-12-13 00:00,9.32812273423082
2025-12-13 01:00,14.454950330103639
2025-12-13 02:00,8.292462102817383
2025-12-13 03:00,9.928235213579491
2025-12-13 04:00,9.370523064561418
2025-12-13 05:00,9.142943761084894
2025-12-13 06:00,9.171569896794466
2025-12-13 07:00,9.067995761813323
2025-12-13 08:00,7.884052464484213
2025-12-13 09:00,5.1817313532200835
2025-12-13 10:00,4.388486254021985
2025-12-13 11:00,4.052599425889582
2025-12-13 12:00,5.856162091255896
2025-12-13 13:00,6.199160692795669
2025-12-13 14:00,9.26243391093222
2025-12-13 15:00,10.706222149911149
2025-12-13 16:00,17.103248007002506
2025-12-13 17:00,26.73891078223626
2025-12-13 18:00,27.23768897591031
2025-12-13 19:00,21.303762743011866
2025-12-13 20:00,21.91913244191688
2025-12-13 21:00,20.88682034199269
2025-12-13 22:00,18.692269844671124
2025-12-13 23:00,16.000933906436916
2025-12-14 00:00,16.159548742004542
2025-12-14 01:00,17.39465845838453
2025-12-14 02:00,15.088632310981009
2025-12-14 03:00,16.982882757155146
2025-12-14 04:00,20.76863920861414
2025-12-14 05:00,20.12537906178255
2025-12-14 06:00,25.801580119876398
2025-12-14 07:00,29.615104793436032
2025-12-14 08:00,40.35205664280134
2025-12-14 09:00,46.218438620266596
2025-12-14 10:00,52.114375640093755
2025-12-14 11:00,52.27325640477695
2025-12-14 12:00,54.98967250789053
2025-12-14 13:00,56.572153935731485
2025-12-14 14:00,51.5506838485569
2025-12-14 15:00,51.89905479983317
2025-12-14 16:00,52.599769162905794
2025-12-14 17:00,50.254779662281045
2025-12-14 18:00,41.99883818322944
2025-12-14 19:00,42.40863175499639
2025-12-14 20:00,45.05300504112585
2025-12-14 21:00,28.658655024668327
2025-12-14 22:00,22.954506827647236
2025-12-14 23:00,16.208052626142674
2025-12-15 00:00,10.710299476603971
2025-12-15 01:00,7.479689939891815
2025-12-15 02:00,5.702582272004836
2025-12-15 03:00,8.254173512252134
2025-12-15 04:00,3.6105230891955675
2025-12-15 05:00,3.3409178483680027
2025-12-15 06:00,5.430486499040553
2025-12-15 07:00,4.56112851032962
2025-12-15 08:00,2.9860029446133796
2025-12-15 09:00,2.7472151910316476
2025-12-15 10:00,2.082183021064455
2025-12-15 11:00,1.5433562391939644
2025-12-15 12:00,2.6319696913864714
2025-12-15 13:00,4.1488766876544165
2025-12-15 14:00,3.9758566228515875
2025-12-15 15:00,3.70128154911829
2025-12-15 16:00,3.2997096825225003
2025-12-15 17:00,4.543754220930419
2025-12-15 18:00,4.577816914441136
2025-12-15 19:00,8.901637331656548
2025-12-15 20:00,15.315299528102486
2025-12-15 21:00,11.793553196400758
2025-12-15 22:00,13.219420205103368
2025-12-15 23:00,16.752969359511738
2025-12-16 00:00,14.584886446505951
2025-12-16 01:00,19.560611724350515
2025-12-16 02:00,19.10300586388605
2025-12-16 03:00,19.17844613270291
2025-12-16 04:00,17.55475456692561
2025-12-16 05:00,18.152356047708473
2025-12-16 06:00,19.122601235112988
2025-12-16 07:00,19.819399544426798
2025-12-16 08:00,17.11831231116514
2025-12-16 09:00,22.8493359048526
2025-12-16 10:00,19.966798387736347
2025-12-16 11:00,18.25524455422559
2025-12-16 12:00,16.526402425178553
2025-12-16 13:00,13.563116007456943
2025-12-16 14:00,7.12276583026829
2025-12-16 15:00,9.134222283554596
2025-12-16 16:00,7.932219375036603
2025-12-16 17:00,13.268068281484165
2025-12-16 18:00,12.293767111198376
2025-12-16 19:00,11.197098142808517
2025-12-16 20:00,12.469152041632594
2025-12-16 21:00,12.641899235173906
2025-12-16 22:00,9.289320716644125
2025-12-16 23:00,9.549039663836254
2025-12-17 00:00,5.366319831774552
2025-12-17 01:00,4.77740280603396
2025-12-17 02:00,5.935218586064164
2025-12-17 03:00,6.061132757589192
2025-12-17 04:00,7.524249221170365
2025-12-17 05:00,8.131234362330666
2025-12-17 06:00,10.754484452048109
2025-12-17 07:00,17.939172554780885
2025-12-17 08:00,19.546098182404993
2025-12-17 09:00,27.50511732600134
2025-12-17 10:00,30.627334568696938
2025-12-17 11:00,35.884079709150804
2025-12-17 12:00,39.1375984604592
2025-12-17 13:00,44.646360479072065
2025-12-17 14:00,38.621163150676054
2025-12-17 15:00,37.86750381093907
2025-12-17 16:00,35.18003706397623
2025-12-17 17:00,27.67037036952854
2025-12-17 18:00,23.49810794948603
2025-12-17 19:00,21.9543761237218
2025-12-17 20:00,17.50138298692113
2025-12-17 21:00,10.089058338971403
2025-12-17 22:00,8.930260110679317
2025-12-17 23:00,9.480410848845448
2025-12-18 00:00,6.719330859520743
2025-12-18 01:00,5.953938023008591
2025-12-18 02:00,6.780781030995495
2025-12-18 03:00,8.345812901294416
2025-12-18 04:00,7.2408347000568325
2025-12-18 05:00,7.254628331321237
2025-12-18 06:00,5.898356470948548
2025-12-18 07:00,5.723341510995523
2025-12-18 08:00,3.5777452451402576
2025-12-18 09:00,1.9116458946368908
2025-12-18 10:00,2.8784168597527255
2025-12-18 11:00,1.5966217916468675
2025-12-18 12:00,3.26409277056361
2025-12-18 13:00,5.350750305804459
2025-12-18 14:00,4.804565752604114
2025-12-18 15:00,4.801949431163537
2025-12-18 16:00,5.088846366140664
2025-12-18 17:00,3.777140796741901
2025-12-18 18:00,2.077254670432075
2025-12-18 19:00,3.8902617602689746
2025-12-18 20:00,4.041970398504329
2025-12-18 21:00,2.9714816782631326
2025-12-18 22:00,4.963570084265996
2025-12-18 23:00,6.831406945012731
2025-12-19 00:00,6.005096034220799
2025-12-19 01:00,5.793835642710832
2025-12-19 02:00,3.7107602861578903
2025-12-19 03:00,5.083440456563752
2025-12-19 04:00,5.887495646510587
2025-12-19 05:00,5.686180879245374
2025-12-19 06:00,6.540395658205336
2025-12-19 07:00,4.380543724237116
2025-12-19 08:00,6.24309490723544
2025-12-19 09:00,3.99011430656973
2025-12-19 10:00,3.496446098249977
2025-12-19 11:00,3.936913272548086
2025-12-19 12:00,4.605941071113957
2025-12-19 13:00,5.6608675962743344
2025-12-19 14:00,6.813580924759223
2025-12-19 15:00,8.602178559653412
2025-12-19 16:00,9.212725094021964
2025-12-19 17:00,8.650387620011447
2025-12-19 18:00,8.74764717391799
2025-12-19 19:00,14.47576786170543
2025-12-19 20:00,15.408887566383534
2025-12-19 21:00,18.73463467099594
2025-12-19 22:00,19.651913334693443
2025-12-19 23:00,17.463938306433363
2025-12-20 00:00,21.692940959243835
2025-12-20 01:00,22.99121334973386
2025-12-20 02:00,26.820955051775556
2025-12-20 03:00,27.919517435583266
2025-12-20 04:00,31.525652340308593
2025-12-20 05:00,35.73604735749734
2025-12-20 06:00,33.49214859920263
2025-12-20 07:00,33.97415635961942
2025-12-20 08:00,30.892608423485484
2025-12-20 09:00,26.527866485070483
2025-12-20 10:00,20.35675998112277
2025-12-20 11:00,18.906374189221054
2025-12-20 12:00,18.370585430643406
2025-12-20 13:00,17.783958377370684
2025-12-20 14:00,17.582957427374602
2025-12-20 15:00,28.3185323549432
2025-12-20 16:00,34.42569124683075
2025-12-20 17:00,41.25551798696805
2025-12-20 18:00,35.79117825679532
2025-12-20 19:00,45.02257346902127
2025-12-20 20:00,49.97502696560835
2025-12-20 21:00,49.43076396023507
2025-12-20 22:00,51.17814320026933
2025-12-20 23:00,54.866812950839446
2025-12-21 00:00,51.37633324368216
2025-12-21 01:00,52.80862179680287
2025-12-21 02:00,54.903636563689105
2025-12-21 03:00,56.66037988927552
2025-12-21 04:00,59.08278339567302
2025-12-21 05:00,54.34778439099303
2025-12-21 06:00,54.26515868989377
2025-12-21 07:00,52.31189914255613
2025-12-21 08:00,49.5974740315619
2025-12-21 09:00,51.532395277412874
2025-12-21 10:00,48.20902428937559
2025-12-21 11:00,46.00288926595053
2025-12-21 12:00,49.27530363452627
2025-12-21 13:00,46.207578143272556
2025-12-21 14:00,45.316413678616094
2025-12-21 15:00,46.93627470443682
2025-12-21 16:00,45.32651820302485
2025-12-21 17:00,45.76985718567301
2025-12-21 18:00,43.405510642877395
2025-12-21 19:00,38.08030455325273
2025-12-21 20:00,36.618331735572944
2025-12-21 21:00,33.25806267065023
2025-12-21 22:00,30.33176899968099
2025-12-21 23:00,28.498701768733497
2025-12-22 00:00,25.208443083303536
2025-12-22 01:00,21.857928203291692
2025-12-22 02:00,20.24886662107466
2025-12-22 03:00,22.387748598696476
2025-12-22 04:00,23.087643584115753
2025-12-22 05:00,24.14154254210358
2025-12-22 06:00,24.989951330542105
2025-12-22 07:00,18.79140097927067
2025-12-22 08:00,15.126688435200474
2025-12-22 09:00,11.221366880813704
2025-12-22 10:00,8.532167867638723
2025-12-22 11:00,5.641494036304053
2025-12-22 12:00,4.529128621133628
2025-12-22 13:00,2.3174706547493136
2025-12-22 14:00,4.567998253761861
2025-12-22 15:00,3.949911021322629
2025-12-22 16:00,5.312808132572682
2025-12-22 17:00,3.6219638189340175
2025-12-22 18:00,4.206395397255289
2025-12-22 19:00,3.4115769959269024
2025-12-22 20:00,5.317530163388084
2025-12-22 21:00,2.5909787237475825
2025-12-22 22:00,1.3773914635379234
2025-12-22 23:00,1.9710070486921303
2025-12-23 00:00,3.0564437585741215
2025-12-23 01:00,3.433011088521755
2025-12-23 02:00,5.157977352111169
2025-12-23 03:00,4.889794287275517
2025-12-23 04:00,6.272145836306633
2025-12-23 05:00,7.987219720870583
2025-12-23 06:00,7.616921907216325
2025-12-23 07:00,8.658618397597197
2025-12-23 08:00,11.115476606840414
2025-12-23 09:00,12.659131040916657
2025-12-23 10:00,8.15258447950338
2025-12-23 11:00,10.646155757261365
2025-12-23 12:00,9.653831676419987
2025-12-23 13:00,9.850489869026557
2025-12-23 14:00,11.468196455504188
2025-12-23 15:00,11.859049247436339
2025-12-23 16:00,15.204463803611976
2025-12-23 17:00,14.359719726286968
2025-12-23 18:00,7.3675333543280885
2025-12-23 19:00,8.368199702114346
2025-12-23 20:00,7.660476951418896
2025-12-23 21:00,9.646115202233323
2025-12-23 22:00,12.908339674826493
2025-12-23 23:00,15.664303001774135
2025-12-24 00:00,20.00094756888836
2025-12-24 01:00,23.354171762249944
2025-12-24 02:00,27.28026774735458
2025-12-24 03:00,28.045689654071985
2025-12-24 04:00,36.0430215678585
2025-12-24 05:00,39.63015901869599
2025-12-24 06:00,38.77716713675504
2025-12-24 07:00,41.00338841690489
2025-12-24 08:00,39.71668398467234
2025-12-24 09:00,40.116650908722775
2025-12-24 10:00,34.55624808505216
2025-12-24 11:00,37.7213830295395
2025-12-24 12:00,38.698187865409665
2025-12-24 13:00,38.824030795691314
2025-12-24 14:00,37.114615635800845
2025-12-24 15:00,38.5205779490084
2025-12-24 16:00,43.5851283616806
2025-12-24 17:00,41.65897345373965
2025-12-24 18:00,40.23344747731293
2025-12-24 19:00,36.450317792710266
2025-12-24 20:00,38.00331487463964
2025-12-24 21:00,35.79575947507634
2025-12-24 22:00,32.342530023954076
2025-12-24 23:00,29.419519222344828
2025-12-25 00:00,32.30327336566168
2025-12-25 01:00,28.82605933774243
2025-12-25 02:00,28.811871708969342
2025-12-25 03:00,30.539073667024258
2025-12-25 04:00,31.890345423631224
2025-12-25 05:00,36.729382971142726
2025-12-25 06:00,39.30593521897825
2025-12-25 07:00,46.56678917710508
2025-12-25 08:00,52.50997421299705
2025-12-25 09:00,54.64086131481716
2025-12-25 10:00,54.533429270972405
2025-12-25 11:00,57.67831413931867
2025-12-25 12:00,56.467270406973185
2025-12-25 13:00,55.224379688846284
2025-12-25 14:00,55.385724876581605
2025-12-25 15:00,55.499841802868175
2025-12-25 16:00,56.899382728751476
2025-12-25 17:00,58.01416407433834
2025-12-25 18:00,58.755926274338236
2025-12-25 19:00,58.690883759642354
2025-12-25 20:00,60.64523878444331
2025-12-25 21:00,60.06204390108459
2025-12-25 22:00,60.53268634291218
2025-12-25 23:00,60.61109106296887
2025-12-26 00:00,58.86106100455575
2025-12-26 01:00,58.16856792500249
2025-12-26 02:00,57.85941912826365
2025-12-26 03:00,59.26536391729505
2025-12-26 04:00,58.61058741631055
2025-12-26 05:00,58.34423316007084
2025-12-26 06:00,57.65179486712877
2025-12-26 07:00,56.93481395930726
2025-12-26 08:00,57.28774837342998
2025-12-26 09:00,55.20131091017657
2025-12-26 10:00,53.55265681372998
2025-12-26 11:00,53.9716504526524
2025-12-26 12:00,53.879307081062805
2025-12-26 13:00,52.921495819497835
2025-12-26 14:00,51.88974583918957
2025-12-26 15:00,50.0739335438242
2025-12-26 16:00,44.058064235186656
2025-12-26 17:00,48.34289064515758
2025-12-26 18:00,42.97128232363107
2025-12-26 19:00,38.359398828050004
2025-12-26 20:00,29.38615552944543
2025-12-26 21:00,25.113107246491325
2025-12-26 22:00,15.754252875054185
2025-12-26 23:00,6.208872453441547
2025-12-27 00:00,10.169632052347858
2025-12-27 01:00,8.286042548530206
2025-12-27 02:00,3.4758138098976006
2025-12-27 03:00,3.790186546700663
2025-12-27 04:00,3.5429522963541746
2025-12-27 05:00,3.577354966955289
2025-12-27 06:00,2.550183617472945
2025-12-27 07:00,3.071515832396373
2025-12-27 08:00,2.203243776043841
2025-12-27 09:00,1.7872844369299403
2025-12-27 10:00,1.8944239362364181
2025-12-27 11:00,0.6565299336574385
2025-12-27 12:00,1.0637614246471694
2025-12-27 13:00,1.4786143352911156
2025-12-27 14:00,1.8260782723136115
2025-12-27 15:00,2.5638833267766414
2025-12-27 16:00,2.321341135616956
2025-12-27 17:00,4.78056654644082
2025-12-27 18:00,5.084469149192373
2025-12-27 19:00,5.946848682847199
2025-12-27 20:00,7.282400845392479
2025-12-27 21:00,8.938886746326032
2025-12-27 22:00,9.479939267246706
2025-12-27 23:00,9.240777987427798
2025-12-28 00:00,11.51000008410467
2025-12-28 01:00,9.726377424600823
2025-12-28 02:00,8.989508883218427
2025-12-28 03:00,10.194556916853895
2025-12-28 04:00,10.861796779209556
2025-12-28 05:00,10.442974218061297
2025-12-28 06:00,8.897617636019636
2025-12-28 07:00,7.433893905972096
2025-12-28 08:00,8.700132375705895
2025-12-28 09:00,7.466244999516215
2025-12-28 10:00,8.131023868029905
2025-12-28 11:00,8.645503208016528
2025-12-28 12:00,9.130885659422203
2025-12-28 13:00,13.329300605401816
2025-12-28 14:00,13.620383909017356
2025-12-28 15:00,13.08221019975819
2025-12-28 16:00,15.195641764145076
2025-12-28 17:00,19.869464599529163
2025-12-28 18:00,22.230810531376527
2025-12-28 19:00,28.08912145656561
2025-12-28 20:00,33.132762278832246
2025-12-28 21:00,26.9047723019224
2025-12-28 22:00,27.92493376176867
2025-12-28 23:00,29.320781026530362
2025-12-29 00:00,26.116324721886166
2025-12-29 01:00,30.32643310430991
2025-12-29 02:00,28.436379161628082
2025-12-29 03:00,33.83819595905686
2025-12-29 04:00,34.61739083986289
2025-12-29 05:00,33.75804353946728
2025-12-29 06:00,33.52278557039912
2025-12-29 07:00,32.91041261303093
2025-12-29 08:00,37.51107966084789
2025-12-29 09:00,35.00709382605669
2025-12-29 10:00,34.76303727469933
2025-12-29 11:00,33.30509696919893
2025-12-29 12:00,29.85445404893919
2025-12-29 13:00,30.635562724944293
2025-12-29 14:00,24.387313152923547
2025-12-29 15:00,28.527211744117693
2025-12-29 16:00,32.100610155784906
2025-12-29 17:00,33.67194494908675
2025-12-29 18:00,32.44690535221744
2025-12-29 19:00,32.90515317140938
2025-12-29 20:00,31.9094481190728
2025-12-29 21:00,28.84077527798655
2025-12-29 22:00,25.9167344095285
2025-12-29 23:00,25.174061561229507
2025-12-30 00:00,27.24938386304386
2025-12-30 01:00,28.363983112101394
2025-12-30 02:00,28.942694411277277
2025-12-30 03:00,32.12631299568438
2025-12-30 04:00,31.49195272172042
2025-12-30 05:00,33.02526959164199
2025-12-30 06:00,36.648753823362846
2025-12-30 07:00,38.99921515212658
2025-12-30 08:00,36.241362433477256
2025-12-30 09:00,31.1517921651215
2025-12-30 10:00,24.839356876048015
2025-12-30 11:00,30.104522478714877
2025-12-30 12:00,30.78052991429118
2025-12-30 13:00,32.18642988837715
2025-12-30 14:00,31.565625362197203
2025-12-30 15:00,34.57440665426661
2025-12-30 16:00,33.867766898106815
2025-12-30 17:00,33.785913328945384
2025-12-30 18:00,26.14760649890855
2025-12-30 19:00,24.103753981381168
2025-12-30 20:00,15.823620038243934
2025-12-30 21:00,15.56762140189219
2025-12-30 22:00,6.716811324928875
2025-12-30 23:00,7.01712914674564
2025-12-31 00:00,18.92620437634345
2025-12-31 01:00,15.699170311613239
2025-12-31 02:00,23.59341805235864
2025-12-31 03:00,27.69678500157834
2025-12-31 04:00,30.783177960356937
2025-12-31 05:00,41.24271168546467
2025-12-31 06:00,46.92850840051875
2025-12-31 07:00,48.84174492656436
2025-12-31 08:00,50.26013701636288
2025-12-31 09:00,50.85287822163272
2025-12-31 10:00,48.699370832767784
2025-12-31 11:00,49.8896813237592
2025-12-31 12:00,52.98715178308616
2025-12-31 13:00,51.45969759015416
2025-12-31 14:00,51.03402945680056
2025-12-31 15:00,48.34015778499853
2025-12-31 16:00,46.38275390329281
2025-12-31 17:00,49.57779132410016
2025-12-31 18:00,49.77999571713944
2025-12-31 19:00,49.429897474611636
2025-12-31 20:00,52.41315159237223
2025-12-31 21:00,49.231987098084744
2025-12-31 22:00,48.394258291940545
2025-12-31 23:00,47.7439958203465
